store_name,category1,hashtag
고씨네고추장찌개,한식,"특별한 메뉴가 있어요, 매장이 청결해요, 화장실이 깨끗해요, 혼술하기 좋아요, 단체모임 하기 좋아요, 재료가 신선해요, 야외공간이 멋져요, 비싼 만큼 가치있어요, 뷰가 좋아요, 인테리어가 멋져요, 아늑해요, 음악이 좋아요, 술이 다양해요, 가성비가 좋아요, 오래 머무르기 좋아요, 음식이 맛있어요, 매장이 넓어요, 혼밥하기 좋아요, 메뉴 구성이 알차요, 양이 많아요, 음식이 빨리 나와요, 사진이 잘 나와요, 컨셉이 독특해요, 친절해요, 건강한 맛이에요, 대화하기 좋아요, 기본 안주가 좋아요"
고씨네고추장찌개 방아실 한남점,한식,"특별한 메뉴가 있어요, 음식이 맛있어요, 친절해요, 단체모임 하기 좋아요, 매장이 넓어요, 양이 많아요, 야외공간이 멋져요, 인테리어가 멋져요"
고씨네고추장찌개 신논현점,한식,"아늑해요, 특별한 메뉴가 있어요, 음식이 빨리 나와요, 가성비가 좋아요, 술이 다양해요, 매장이 청결해요, 음식이 맛있어요, 화장실이 깨끗해요, 혼술하기 좋아요, 친절해요, 오래 머무르기 좋아요, 음악이 좋아요, 단체모임 하기 좋아요, 양이 많아요, 인테리어가 멋져요, 대화하기 좋아요, 기본 안주가 좋아요"
넛츠비어 가로수길직영점,중식,"특별한 메뉴가 있어요, 매장이 청결해요, 단체모임 하기 좋아요, 재료가 신선해요, 야외공간이 멋져요, 뷰가 좋아요, 인테리어가 멋져요, 아늑해요, 술이 다양해요, 가성비가 좋아요, 음식이 맛있어요, 매장이 넓어요, 양이 많아요, 메뉴 구성이 알차요, 음식이 빨리 나와요, 사진이 잘 나와요, 컨셉이 독특해요, 친절해요, 대화하기 좋아요, 기본 안주가 좋아요"
넛츠비어 다산역점,중식,"특별한 메뉴가 있어요, 매장이 청결해요, 화장실이 깨끗해요, 혼술하기 좋아요, 단체모임 하기 좋아요, 재료가 신선해요, 환기가 잘 돼요, 야외공간이 멋져요, 뷰가 좋아요, 인테리어가 멋져요, 아늑해요, 현지 맛에 가까워요, 음악이 좋아요, 술이 다양해요, 아이와 가기 좋아요, 가성비가 좋아요, 오래 머무르기 좋아요, 음식이 맛있어요, 매장이 넓어요, 메뉴 구성이 알차요, 양이 많아요, 특별한 날 가기 좋아요, 음식이 빨리 나와요, 사진이 잘 나와요, 컨셉이 독특해요, 친절해요, 주차하기 편해요, 집중하기 좋아요, 건강한 맛이에요, 대화하기 좋아요, 기본 안주가 좋아요"
넛츠비어 발산점,중식,"특별한 메뉴가 있어요, 매장이 청결해요, 화장실이 깨끗해요, 혼술하기 좋아요, 단체모임 하기 좋아요, 재료가 신선해요, 비싼 만큼 가치있어요, 뷰가 좋아요, 인테리어가 멋져요, 아늑해요, 음악이 좋아요, 술이 다양해요, 가성비가 좋아요, 오래 머무르기 좋아요, 음식이 맛있어요, 매장이 넓어요, 메뉴 구성이 알차요, 양이 많아요, 음식이 빨리 나와요, 사진이 잘 나와요, 컨셉이 독특해요, 차분한 분위기에요, 친절해요, 주차하기 편해요, 대화하기 좋아요, 기본 안주가 좋아요"
넛츠비어 성수본점,중식,"좌석이 편해요, 특별한 메뉴가 있어요, 매장이 청결해요, 화장실이 깨끗해요, 혼술하기 좋아요, 단체모임 하기 좋아요, 재료가 신선해요, 비싼 만큼 가치있어요, 파티하기 좋아요, 뷰가 좋아요, 인테리어가 멋져요, 아늑해요, 음악이 좋아요, 음료가 맛있어요, 술이 다양해요, 가성비가 좋아요, 오래 머무르기 좋아요, 음식이 맛있어요, 매장이 넓어요, 혼밥하기 좋아요, 메뉴 구성이 알차요, 양이 많아요, 특별한 날 가기 좋아요, 음식이 빨리 나와요, 사진이 잘 나와요, 컨셉이 독특해요, 친절해요, 건강한 맛이에요, 대화하기 좋아요, 기본 안주가 좋아요"
넛츠비어 속초청초호점,중식,"특별한 메뉴가 있어요, 매장이 청결해요, 화장실이 깨끗해요, 혼술하기 좋아요, 단체모임 하기 좋아요, 뷰가 좋아요, 인테리어가 멋져요, 아늑해요, 음악이 좋아요, 술이 다양해요, 아이와 가기 좋아요, 가성비가 좋아요, 오래 머무르기 좋아요, 음식이 맛있어요, 매장이 넓어요, 양이 많아요, 메뉴 구성이 알차요, 음식이 빨리 나와요, 사진이 잘 나와요, 컨셉이 독특해요, 친절해요, 주차하기 편해요, 대화하기 좋아요, 기본 안주가 좋아요"
넛츠비어 양재역점,중식,"특별한 메뉴가 있어요, 가성비가 좋아요, 컨셉이 독특해요, 음식이 맛있어요, 매장이 청결해요, 혼술하기 좋아요, 친절해요, 단체모임 하기 좋아요, 대화하기 좋아요"
넛츠비어 의정부역점,중식,"술이 다양해요, 특별한 메뉴가 있어요, 가성비가 좋아요, 음식이 맛있어요, 기본 안주가 좋아요, 인테리어가 멋져요"
넛츠비어 인천운서역점,중식,"특별한 메뉴가 있어요, 매장이 청결해요, 화장실이 깨끗해요, 혼술하기 좋아요, 단체모임 하기 좋아요, 재료가 신선해요, 야외공간이 멋져요, 인테리어가 멋져요, 아늑해요, 음악이 좋아요, 술이 다양해요, 오래 머무르기 좋아요, 가성비가 좋아요, 음식이 맛있어요, 매장이 넓어요, 메뉴 구성이 알차요, 사진이 잘 나와요, 컨셉이 독특해요, 차분한 분위기에요, 친절해요, 주차하기 편해요, 대화하기 좋아요, 기본 안주가 좋아요"
넛츠비어 종각직영점,중식,"음료가 맛있어요, 특별한 메뉴가 있어요, 술이 다양해요, 가성비가 좋아요, 대화하기 좋아요, 매장이 청결해요, 음식이 맛있어요, 화장실이 깨끗해요, 사진이 잘 나와요, 친절해요, 단체모임 하기 좋아요, 라이브공연이 훌륭해요, 메뉴 구성이 알차요, 기본 안주가 좋아요, 음악이 좋아요, 인테리어가 멋져요"
대엽,한식,"특별한 메뉴가 있어요, 매장이 청결해요, 고기 질이 좋아요, 룸이 잘 되어있어요, 단체모임 하기 좋아요, 재료가 신선해요, 인테리어가 멋져요, 가성비가 좋아요, 음식이 맛있어요, 매장이 넓어요, 혼밥하기 좋아요, 양이 많아요, 메뉴 구성이 알차요, 음식이 빨리 나와요, 차분한 분위기에요, 컨셉이 독특해요, 친절해요, 주차하기 편해요, 건강한 맛이에요"
방아실 연탄구이,한식,"특별한 메뉴가 있어요, 매장이 청결해요, 고기 질이 좋아요, 단체모임 하기 좋아요, 재료가 신선해요, 인테리어가 멋져요, 현지 맛에 가까워요, 잡내가 적어요, 가성비가 좋아요, 오래 머무르기 좋아요, 직접 잘 구워줘요, 음식이 맛있어요, 매장이 넓어요, 메뉴 구성이 알차요, 양이 많아요, 음식이 빨리 나와요, 커피가 맛있어요, 친절해요, 건강한 맛이에요, 반찬이 잘 나와요, 대화하기 좋아요, 기본 안주가 좋아요"
휘뚜루,일식,"특별한 메뉴가 있어요, 매장이 청결해요, 화장실이 깨끗해요, 혼술하기 좋아요, 단체모임 하기 좋아요, 재료가 신선해요, 야외공간이 멋져요, 뷰가 좋아요, 인테리어가 멋져요, 아늑해요, 음악이 좋아요, 음료가 맛있어요, 술이 다양해요, 가성비가 좋아요, 오래 머무르기 좋아요, 음식이 맛있어요, 매장이 넓어요, 혼밥하기 좋아요, 메뉴 구성이 알차요, 양이 많아요, 특별한 날 가기 좋아요, 음식이 빨리 나와요, 사진이 잘 나와요, 컨셉이 독특해요, 차분한 분위기에요, 친절해요, 건강한 맛이에요, 대화하기 좋아요, 기본 안주가 좋아요"
남영동양문 가로수길직영점,한식,"특별한 메뉴가 있어요, 매장이 청결해요, 고기 질이 좋아요, 화장실이 깨끗해요, 단체모임 하기 좋아요, 재료가 신선해요, 야외공간이 멋져요, 비싼 만큼 가치있어요, 뷰가 좋아요, 인테리어가 멋져요, 아늑해요, 잡내가 적어요, 아이와 가기 좋아요, 가성비가 좋아요, 직접 잘 구워줘요, 음식이 맛있어요, 매장이 넓어요, 혼밥하기 좋아요, 양이 많아요, 메뉴 구성이 알차요, 특별한 날 가기 좋아요, 음식이 빨리 나와요, 컨셉이 독특해요, 친절해요, 주차하기 편해요, 건강한 맛이에요, 반찬이 잘 나와요"
남영동양문 구로디지털단지점,한식,"특별한 메뉴가 있어요, 매장이 청결해요, 고기 질이 좋아요, 단체모임 하기 좋아요, 재료가 신선해요, 비싼 만큼 가치있어요, 인테리어가 멋져요, 잡내가 적어요, 가성비가 좋아요, 직접 잘 구워줘요, 음식이 맛있어요, 매장이 넓어요, 혼밥하기 좋아요, 메뉴 구성이 알차요, 양이 많아요, 특별한 날 가기 좋아요, 음식이 빨리 나와요, 친절해요, 건강한 맛이에요, 반찬이 잘 나와요"
남영동양문 다산점,한식,"좌석이 편해요, 특별한 메뉴가 있어요, 매장이 청결해요, 고기 질이 좋아요, 단체모임 하기 좋아요, 재료가 신선해요, 환기가 잘 돼요, 비싼 만큼 가치있어요, 뷰가 좋아요, 인테리어가 멋져요, 아늑해요, 잡내가 적어요, 아이와 가기 좋아요, 가성비가 좋아요, 직접 잘 구워줘요, 음식이 맛있어요, 매장이 넓어요, 혼밥하기 좋아요, 양이 많아요, 메뉴 구성이 알차요, 특별한 날 가기 좋아요, 음식이 빨리 나와요, 차분한 분위기에요, 컨셉이 독특해요, 친절해요, 주차하기 편해요, 건강한 맛이에요, 반찬이 잘 나와요"
남영동양문 동탄점,한식,"잡내가 적어요, 특별한 메뉴가 있어요, 음식이 빨리 나와요, 가성비가 좋아요, 컨셉이 독특해요, 고기 질이 좋아요, 음식이 맛있어요, 매장이 청결해요, 친절해요, 직접 잘 구워줘요, 주차하기 편해요, 단체모임 하기 좋아요, 매장이 넓어요, 양이 많아요, 메뉴 구성이 알차요, 재료가 신선해요, 반찬이 잘 나와요, 인테리어가 멋져요"
남영동양문 미아사거리점,한식,
남영동양문 반포직영점,한식,"특별한 메뉴가 있어요, 매장이 청결해요, 고기 질이 좋아요, 화장실이 깨끗해요, 룸이 잘 되어있어요, 단체모임 하기 좋아요, 재료가 신선해요, 환기가 잘 돼요, 비싼 만큼 가치있어요, 뷰가 좋아요, 인테리어가 멋져요, 아늑해요, 잡내가 적어요, 아이와 가기 좋아요, 가성비가 좋아요, 오래 머무르기 좋아요, 직접 잘 구워줘요, 음식이 맛있어요, 매장이 넓어요, 혼밥하기 좋아요, 양이 많아요, 메뉴 구성이 알차요, 특별한 날 가기 좋아요, 음식이 빨리 나와요, 컨셉이 독특해요, 친절해요, 주차하기 편해요, 건강한 맛이에요, 반찬이 잘 나와요"
남영동양문 배곧점,한식,"좌석이 편해요, 반려동물과 가기 좋아요, 특별한 메뉴가 있어요, 매장이 청결해요, 고기 질이 좋아요, 화장실이 깨끗해요, 룸이 잘 되어있어요, 단체모임 하기 좋아요, 재료가 신선해요, 야외공간이 멋져요, 비싼 만큼 가치있어요, 뷰가 좋아요, 인테리어가 멋져요, 아늑해요, 잡내가 적어요, 가성비가 좋아요, 음식이 맛있어요, 매장이 넓어요, 혼밥하기 좋아요, 메뉴 구성이 알차요, 양이 많아요, 특별한 날 가기 좋아요, 음식이 빨리 나와요, 차분한 분위기에요, 친절해요, 주차하기 편해요, 건강한 맛이에요, 반찬이 잘 나와요"
남영동양문 본점,한식,"좌석이 편해요, 특별한 메뉴가 있어요, 매장이 청결해요, 고기 질이 좋아요, 화장실이 깨끗해요, 단체모임 하기 좋아요, 재료가 신선해요, 환기가 잘 돼요, 비싼 만큼 가치있어요, 뷰가 좋아요, 인테리어가 멋져요, 아늑해요, 잡내가 적어요, 가성비가 좋아요, 오래 머무르기 좋아요, 직접 잘 구워줘요, 음식이 맛있어요, 매장이 넓어요, 혼밥하기 좋아요, 메뉴 구성이 알차요, 양이 많아요, 특별한 날 가기 좋아요, 음식이 빨리 나와요, 컨셉이 독특해요, 차분한 분위기에요, 친절해요, 주차하기 편해요, 건강한 맛이에요, 반찬이 잘 나와요"
남영동양문 부산동래점,한식,"잡내가 적어요, 특별한 메뉴가 있어요, 가성비가 좋아요, 차분한 분위기에요, 음식이 맛있어요, 고기 질이 좋아요, 매장이 청결해요, 친절해요, 컨셉이 독특해요, 단체모임 하기 좋아요, 매장이 넓어요, 양이 많아요, 메뉴 구성이 알차요, 재료가 신선해요, 환기가 잘 돼요, 반찬이 잘 나와요, 인테리어가 멋져요"
남영동양문 상암점,한식,"특별한 메뉴가 있어요, 매장이 청결해요, 고기 질이 좋아요, 화장실이 깨끗해요, 단체모임 하기 좋아요, 재료가 신선해요, 비싼 만큼 가치있어요, 인테리어가 멋져요, 아늑해요, 잡내가 적어요, 가성비가 좋아요, 오래 머무르기 좋아요, 음식이 맛있어요, 매장이 넓어요, 양이 많아요, 메뉴 구성이 알차요, 특별한 날 가기 좋아요, 음식이 빨리 나와요, 차분한 분위기에요, 친절해요, 주차하기 편해요, 건강한 맛이에요, 반찬이 잘 나와요"
남영동양문 서대문역점,한식,"특별한 메뉴가 있어요, 매장이 청결해요, 고기 질이 좋아요, 단체모임 하기 좋아요, 재료가 신선해요, 비싼 만큼 가치있어요, 인테리어가 멋져요, 아늑해요, 잡내가 적어요, 가성비가 좋아요, 음식이 맛있어요, 매장이 넓어요, 혼밥하기 좋아요, 양이 많아요, 메뉴 구성이 알차요, 컨셉이 독특해요, 친절해요, 건강한 맛이에요, 반찬이 잘 나와요"
남영동양문 선릉직영점,한식,"반려동물과 가기 좋아요, 특별한 메뉴가 있어요, 매장이 청결해요, 고기 질이 좋아요, 화장실이 깨끗해요, 룸이 잘 되어있어요, 단체모임 하기 좋아요, 재료가 신선해요, 환기가 잘 돼요, 야외공간이 멋져요, 비싼 만큼 가치있어요, 뷰가 좋아요, 인테리어가 멋져요, 아늑해요, 잡내가 적어요, 가성비가 좋아요, 직접 잘 구워줘요, 음식이 맛있어요, 매장이 넓어요, 혼밥하기 좋아요, 메뉴 구성이 알차요, 양이 많아요, 특별한 날 가기 좋아요, 음식이 빨리 나와요, 차분한 분위기에요, 친절해요, 주차하기 편해요, 건강한 맛이에요, 반찬이 잘 나와요"
남영동양문 성수점,한식,"특별한 메뉴가 있어요, 매장이 청결해요, 고기 질이 좋아요, 화장실이 깨끗해요, 단체모임 하기 좋아요, 재료가 신선해요, 비싼 만큼 가치있어요, 인테리어가 멋져요, 잡내가 적어요, 가성비가 좋아요, 직접 잘 구워줘요, 음식이 맛있어요, 매장이 넓어요, 혼밥하기 좋아요, 메뉴 구성이 알차요, 양이 많아요, 특별한 날 가기 좋아요, 음식이 빨리 나와요, 컨셉이 독특해요, 친절해요, 주차하기 편해요, 건강한 맛이에요, 반찬이 잘 나와요"
남영동양문 신당점,한식,"특별한 메뉴가 있어요, 매장이 청결해요, 고기 질이 좋아요, 단체모임 하기 좋아요, 재료가 신선해요, 비싼 만큼 가치있어요, 뷰가 좋아요, 인테리어가 멋져요, 아늑해요, 잡내가 적어요, 가성비가 좋아요, 음식이 맛있어요, 매장이 넓어요, 혼밥하기 좋아요, 양이 많아요, 메뉴 구성이 알차요, 특별한 날 가기 좋아요, 음식이 빨리 나와요, 컨셉이 독특해요, 친절해요, 주차하기 편해요, 반찬이 잘 나와요"
남영동양문 안산고잔점,한식,"특별한 메뉴가 있어요, 매장이 청결해요, 고기 질이 좋아요, 단체모임 하기 좋아요, 재료가 신선해요, 환기가 잘 돼요, 뷰가 좋아요, 인테리어가 멋져요, 아늑해요, 잡내가 적어요, 아이와 가기 좋아요, 가성비가 좋아요, 음식이 맛있어요, 매장이 넓어요, 혼밥하기 좋아요, 메뉴 구성이 알차요, 양이 많아요, 음식이 빨리 나와요, 차분한 분위기에요, 친절해요, 주차하기 편해요, 건강한 맛이에요, 반찬이 잘 나와요"
남영동양문 역삼점,한식,"특별한 메뉴가 있어요, 매장이 청결해요, 고기 질이 좋아요, 단체모임 하기 좋아요, 재료가 신선해요, 뷰가 좋아요, 인테리어가 멋져요, 아늑해요, 잡내가 적어요, 가성비가 좋아요, 오래 머무르기 좋아요, 음식이 맛있어요, 매장이 넓어요, 혼밥하기 좋아요, 양이 많아요, 메뉴 구성이 알차요, 특별한 날 가기 좋아요, 음식이 빨리 나와요, 친절해요, 주차하기 편해요, 반찬이 잘 나와요"
남영동양문 영등포점,한식,"반려동물과 가기 좋아요, 특별한 메뉴가 있어요, 매장이 청결해요, 고기 질이 좋아요, 화장실이 깨끗해요, 단체모임 하기 좋아요, 재료가 신선해요, 비싼 만큼 가치있어요, 뷰가 좋아요, 인테리어가 멋져요, 아늑해요, 잡내가 적어요, 가성비가 좋아요, 직접 잘 구워줘요, 음식이 맛있어요, 매장이 넓어요, 혼밥하기 좋아요, 메뉴 구성이 알차요, 양이 많아요, 특별한 날 가기 좋아요, 음식이 빨리 나와요, 컨셉이 독특해요, 차분한 분위기에요, 친절해요, 주차하기 편해요, 건강한 맛이에요, 반찬이 잘 나와요"
남영동양문 용인수지구청점,한식,"좌석이 편해요, 특별한 메뉴가 있어요, 매장이 청결해요, 고기 질이 좋아요, 룸이 잘 되어있어요, 단체모임 하기 좋아요, 재료가 신선해요, 환기가 잘 돼요, 비싼 만큼 가치있어요, 인테리어가 멋져요, 아늑해요, 잡내가 적어요, 아이와 가기 좋아요, 가성비가 좋아요, 직접 잘 구워줘요, 음식이 맛있어요, 매장이 넓어요, 양이 많아요, 메뉴 구성이 알차요, 특별한 날 가기 좋아요, 음식이 빨리 나와요, 컨셉이 독특해요, 차분한 분위기에요, 친절해요, 주차하기 편해요, 건강한 맛이에요, 반찬이 잘 나와요"
남영동양문 을지로점,한식,"특별한 메뉴가 있어요, 매장이 청결해요, 고기 질이 좋아요, 단체모임 하기 좋아요, 재료가 신선해요, 비싼 만큼 가치있어요, 인테리어가 멋져요, 아늑해요, 잡내가 적어요, 가성비가 좋아요, 오래 머무르기 좋아요, 직접 잘 구워줘요, 음식이 맛있어요, 매장이 넓어요, 혼밥하기 좋아요, 양이 많아요, 메뉴 구성이 알차요, 특별한 날 가기 좋아요, 음식이 빨리 나와요, 컨셉이 독특해요, 친절해요, 주차하기 편해요, 건강한 맛이에요, 반찬이 잘 나와요"
남영동양문 일산라페스타점,한식,"반려동물과 가기 좋아요, 특별한 메뉴가 있어요, 매장이 청결해요, 고기 질이 좋아요, 단체모임 하기 좋아요, 재료가 신선해요, 환기가 잘 돼요, 비싼 만큼 가치있어요, 뷰가 좋아요, 인테리어가 멋져요, 아늑해요, 잡내가 적어요, 아이와 가기 좋아요, 가성비가 좋아요, 오래 머무르기 좋아요, 직접 잘 구워줘요, 음식이 맛있어요, 매장이 넓어요, 혼밥하기 좋아요, 양이 많아요, 메뉴 구성이 알차요, 특별한 날 가기 좋아요, 음식이 빨리 나와요, 코스요리가 알차요, 컨셉이 독특해요, 차분한 분위기에요, 친절해요, 주차하기 편해요, 건강한 맛이에요, 반찬이 잘 나와요"
남영동양문 천안점,한식,"좌석이 편해요, 특별한 메뉴가 있어요, 매장이 청결해요, 고기 질이 좋아요, 단체모임 하기 좋아요, 재료가 신선해요, 비싼 만큼 가치있어요, 뷰가 좋아요, 인테리어가 멋져요, 아늑해요, 잡내가 적어요, 가성비가 좋아요, 오래 머무르기 좋아요, 직접 잘 구워줘요, 음식이 맛있어요, 매장이 넓어요, 혼밥하기 좋아요, 메뉴 구성이 알차요, 양이 많아요, 특별한 날 가기 좋아요, 음식이 빨리 나와요, 컨셉이 독특해요, 차분한 분위기에요, 친절해요, 주차하기 편해요, 건강한 맛이에요, 반찬이 잘 나와요"
남영동양문 청주지웰점,한식,"특별한 메뉴가 있어요, 매장이 청결해요, 고기 질이 좋아요, 단체모임 하기 좋아요, 재료가 신선해요, 환기가 잘 돼요, 야외공간이 멋져요, 비싼 만큼 가치있어요, 인테리어가 멋져요, 잡내가 적어요, 아이와 가기 좋아요, 가성비가 좋아요, 직접 잘 구워줘요, 음식이 맛있어요, 매장이 넓어요, 혼밥하기 좋아요, 양이 많아요, 메뉴 구성이 알차요, 특별한 날 가기 좋아요, 음식이 빨리 나와요, 친절해요, 주차하기 편해요, 건강한 맛이에요, 반찬이 잘 나와요"
남영동양문 파주금촌점,한식,"특별한 메뉴가 있어요, 매장이 청결해요, 고기 질이 좋아요, 단체모임 하기 좋아요, 재료가 신선해요, 환기가 잘 돼요, 비싼 만큼 가치있어요, 인테리어가 멋져요, 아늑해요, 잡내가 적어요, 아이와 가기 좋아요, 가성비가 좋아요, 직접 잘 구워줘요, 음식이 맛있어요, 매장이 넓어요, 혼밥하기 좋아요, 메뉴 구성이 알차요, 양이 많아요, 특별한 날 가기 좋아요, 음식이 빨리 나와요, 차분한 분위기에요, 컨셉이 독특해요, 친절해요, 주차하기 편해요, 건강한 맛이에요, 반찬이 잘 나와요"
남영동양문 판교점,한식,"아늑해요, 특별한 메뉴가 있어요, 잡내가 적어요, 가성비가 좋아요, 아이와 가기 좋아요, 매장이 청결해요, 음식이 맛있어요, 고기 질이 좋아요, 컨셉이 독특해요, 주차하기 편해요, 친절해요, 차분한 분위기에요, 단체모임 하기 좋아요, 매장이 넓어요, 양이 많아요, 메뉴 구성이 알차요, 뷰가 좋아요, 인테리어가 멋져요"
남영동양문 하남미사점,한식,"좌석이 편해요, 특별한 메뉴가 있어요, 매장이 청결해요, 고기 질이 좋아요, 단체모임 하기 좋아요, 재료가 신선해요, 환기가 잘 돼요, 비싼 만큼 가치있어요, 뷰가 좋아요, 인테리어가 멋져요, 아늑해요, 잡내가 적어요, 아이와 가기 좋아요, 가성비가 좋아요, 오래 머무르기 좋아요, 직접 잘 구워줘요, 음식이 맛있어요, 매장이 넓어요, 혼밥하기 좋아요, 메뉴 구성이 알차요, 양이 많아요, 특별한 날 가기 좋아요, 음식이 빨리 나와요, 컨셉이 독특해요, 차분한 분위기에요, 친절해요, 주차하기 편해요, 건강한 맛이에요, 반찬이 잘 나와요"
남영동양문 한남직영점,한식,"특별한 메뉴가 있어요, 매장이 청결해요, 고기 질이 좋아요, 단체모임 하기 좋아요, 재료가 신선해요, 비싼 만큼 가치있어요, 뷰가 좋아요, 인테리어가 멋져요, 잡내가 적어요, 가성비가 좋아요, 직접 잘 구워줘요, 음식이 맛있어요, 매장이 넓어요, 혼밥하기 좋아요, 양이 많아요, 메뉴 구성이 알차요, 특별한 날 가기 좋아요, 음식이 빨리 나와요, 친절해요, 주차하기 편해요, 건강한 맛이에요, 반찬이 잘 나와요"
남영동양문 합정점,한식,"좌석이 편해요, 특별한 메뉴가 있어요, 매장이 청결해요, 고기 질이 좋아요, 화장실이 깨끗해요, 단체모임 하기 좋아요, 재료가 신선해요, 환기가 잘 돼요, 비싼 만큼 가치있어요, 뷰가 좋아요, 인테리어가 멋져요, 아늑해요, 잡내가 적어요, 아이와 가기 좋아요, 가성비가 좋아요, 오래 머무르기 좋아요, 직접 잘 구워줘요, 음식이 맛있어요, 매장이 넓어요, 혼밥하기 좋아요, 양이 많아요, 메뉴 구성이 알차요, 특별한 날 가기 좋아요, 음식이 빨리 나와요, 컨셉이 독특해요, 차분한 분위기에요, 친절해요, 주차하기 편해요, 건강한 맛이에요, 반찬이 잘 나와요"
남영동양문 호매실점,한식,"특별한 메뉴가 있어요, 매장이 청결해요, 고기 질이 좋아요, 단체모임 하기 좋아요, 재료가 신선해요, 환기가 잘 돼요, 비싼 만큼 가치있어요, 인테리어가 멋져요, 아늑해요, 잡내가 적어요, 아이와 가기 좋아요, 가성비가 좋아요, 음식이 맛있어요, 매장이 넓어요, 양이 많아요, 메뉴 구성이 알차요, 특별한 날 가기 좋아요, 음식이 빨리 나와요, 컨셉이 독특해요, 차분한 분위기에요, 친절해요, 주차하기 편해요, 건강한 맛이에요, 반찬이 잘 나와요"
넛츠비어 미아사거리점,중식,
불끈,한식,"특별한 메뉴가 있어요, 매장이 청결해요, 고기 질이 좋아요, 화장실이 깨끗해요, 룸이 잘 되어있어요, 단체모임 하기 좋아요, 재료가 신선해요, 야외공간이 멋져요, 비싼 만큼 가치있어요, 뷰가 좋아요, 인테리어가 멋져요, 아늑해요, 잡내가 적어요, 술이 다양해요, 가성비가 좋아요, 음식이 맛있어요, 매장이 넓어요, 혼밥하기 좋아요, 양이 많아요, 메뉴 구성이 알차요, 특별한 날 가기 좋아요, 음식이 빨리 나와요, 사진이 잘 나와요, 코스요리가 알차요, 차분한 분위기에요, 컨셉이 독특해요, 친절해요, 주차하기 편해요, 건강한 맛이에요, 반찬이 잘 나와요, 대화하기 좋아요"
천하제일 솥뚜껑,한식,"특별한 메뉴가 있어요, 매장이 청결해요, 화장실이 깨끗해요, 고기 질이 좋아요, 단체모임 하기 좋아요, 재료가 신선해요, 환기가 잘 돼요, 비싼 만큼 가치있어요, 뷰가 좋아요, 인테리어가 멋져요, 아늑해요, 포장이 깔끔해요, 음악이 좋아요, 잡내가 적어요, 술이 다양해요, 아이와 가기 좋아요, 가성비가 좋아요, 오래 머무르기 좋아요, 직접 잘 구워줘요, 음식이 맛있어요, 매장이 넓어요, 혼밥하기 좋아요, 양이 많아요, 메뉴 구성이 알차요, 특별한 날 가기 좋아요, 음식이 빨리 나와요, 사진이 잘 나와요, 커피가 맛있어요, 컨셉이 독특해요, 차분한 분위기에요, 샐러드바가 잘 되어있어요, 친절해요, 주차하기 편해요, 건강한 맛이에요, 반찬이 잘 나와요, 대화하기 좋아요, 기본 안주가 좋아요"
천하제일솥뚜껑 명동점,한식,"좌석이 편해요, 특별한 메뉴가 있어요, 향신료가 강하지 않아요, 매장이 청결해요, 화장실이 깨끗해요, 단체모임 하기 좋아요, 재료가 신선해요, 뷰가 좋아요, 인테리어가 멋져요, 잡내가 적어요, 가성비가 좋아요, 음식이 맛있어요, 매장이 넓어요, 혼밥하기 좋아요, 양이 많아요, 메뉴 구성이 알차요, 특별한 날 가기 좋아요, 음식이 빨리 나와요, 친절해요, 주차하기 편해요, 건강한 맛이에요, 반찬이 잘 나와요"
오늘의 회전초밥,일식,"특별한 메뉴가 있어요, 매장이 청결해요, 화장실이 깨끗해요, 혼술하기 좋아요, 단체모임 하기 좋아요, 재료가 신선해요, 비싼 만큼 가치있어요, 인테리어가 멋져요, 아늑해요, 포장이 깔끔해요, 잡내가 적어요, 아이와 가기 좋아요, 가성비가 좋아요, 음식이 맛있어요, 매장이 넓어요, 혼밥하기 좋아요, 메뉴 구성이 알차요, 양이 많아요, 특별한 날 가기 좋아요, 음식이 빨리 나와요, 사진이 잘 나와요, 차분한 분위기에요, 주차하기 편해요, 친절해요, 건강한 맛이에요, 반찬이 잘 나와요, 대화하기 좋아요"
오늘의초밥,일식,"특별한 메뉴가 있어요, 매장이 청결해요, 고기 질이 좋아요, 화장실이 깨끗해요, 단체모임 하기 좋아요, 재료가 신선해요, 비싼 만큼 가치있어요, 뷰가 좋아요, 인테리어가 멋져요, 아늑해요, 현지 맛에 가까워요, 포장이 깔끔해요, 잡내가 적어요, 아이와 가기 좋아요, 가성비가 좋아요, 음식이 맛있어요, 매장이 넓어요, 혼밥하기 좋아요, 양이 많아요, 메뉴 구성이 알차요, 특별한 날 가기 좋아요, 음식이 빨리 나와요, 사진이 잘 나와요, 친절해요, 주차하기 편해요, 건강한 맛이에요, 반찬이 잘 나와요, 대화하기 좋아요"
오늘의회전초밥 동탄점,일식,"좌석이 편해요, 특별한 메뉴가 있어요, 매장이 청결해요, 고기 질이 좋아요, 화장실이 깨끗해요, 혼술하기 좋아요, 단체모임 하기 좋아요, 재료가 신선해요, 야외공간이 멋져요, 비싼 만큼 가치있어요, 뷰가 좋아요, 인테리어가 멋져요, 아늑해요, 포장이 깔끔해요, 음악이 좋아요, 음료가 맛있어요, 잡내가 적어요, 아이와 가기 좋아요, 가성비가 좋아요, 오래 머무르기 좋아요, 음식이 맛있어요, 매장이 넓어요, 혼밥하기 좋아요, 메뉴 구성이 알차요, 양이 많아요, 특별한 날 가기 좋아요, 음식이 빨리 나와요, 사진이 잘 나와요, 코스요리가 알차요, 차분한 분위기에요, 컨셉이 독특해요, 친절해요, 주차하기 편해요, 건강한 맛이에요, 반찬이 잘 나와요, 대화하기 좋아요"
오초오늘의초밥,일식,"특별한 메뉴가 있어요, 매장이 청결해요, 화장실이 깨끗해요, 고기 질이 좋아요, 단체모임 하기 좋아요, 재료가 신선해요, 비싼 만큼 가치있어요, 뷰가 좋아요, 인테리어가 멋져요, 아늑해요, 포장이 깔끔해요, 잡내가 적어요, 아이와 가기 좋아요, 가성비가 좋아요, 음식이 맛있어요, 매장이 넓어요, 혼밥하기 좋아요, 양이 많아요, 메뉴 구성이 알차요, 특별한 날 가기 좋아요, 음식이 빨리 나와요, 차분한 분위기에요, 친절해요, 주차하기 편해요, 건강한 맛이에요, 반찬이 잘 나와요, 대화하기 좋아요, 기본 안주가 좋아요"
오초오늘의초밥 이천점,일식,"특별한 메뉴가 있어요, 매장이 청결해요, 화장실이 깨끗해요, 재료가 신선해요, 비싼 만큼 가치있어요, 뷰가 좋아요, 인테리어가 멋져요, 아늑해요, 가성비가 좋아요, 음식이 맛있어요, 매장이 넓어요, 혼밥하기 좋아요, 메뉴 구성이 알차요, 양이 많아요, 특별한 날 가기 좋아요, 음식이 빨리 나와요, 사진이 잘 나와요, 차분한 분위기에요, 친절해요, 주차하기 편해요, 건강한 맛이에요, 반찬이 잘 나와요, 대화하기 좋아요"
키보 에다마메,일식,"좌석이 편해요, 반려동물과 가기 좋아요, 특별한 메뉴가 있어요, 매장이 청결해요, 화장실이 깨끗해요, 혼술하기 좋아요, 단체모임 하기 좋아요, 재료가 신선해요, 비싼 만큼 가치있어요, 뷰가 좋아요, 인테리어가 멋져요, 아늑해요, 음악이 좋아요, 음료가 맛있어요, 술이 다양해요, 가성비가 좋아요, 오래 머무르기 좋아요, 음식이 맛있어요, 매장이 넓어요, 라이브공연이 훌륭해요, 메뉴 구성이 알차요, 양이 많아요, 특별한 날 가기 좋아요, 음식이 빨리 나와요, 사진이 잘 나와요, 컨셉이 독특해요, 차분한 분위기에요, 친절해요, 건강한 맛이에요, 대화하기 좋아요, 기본 안주가 좋아요"
군몽,양식,"특별한 메뉴가 있어요, 디저트가 맛있어요, 고기 질이 좋아요, 화장실이 깨끗해요, 매장이 청결해요, 룸이 잘 되어있어요, 단체모임 하기 좋아요, 재료가 신선해요, 비싼 만큼 가치있어요, 뷰가 좋아요, 인테리어가 멋져요, 아늑해요, 음료가 맛있어요, 가성비가 좋아요, 음식이 맛있어요, 매장이 넓어요, 양이 많아요, 특별한 날 가기 좋아요, 컨셉이 독특해요, 차분한 분위기에요, 친절해요, 대화하기 좋아요"
8nrm 팔도강산버거,양식,"반려동물과 가기 좋아요, 특별한 메뉴가 있어요, 매장이 청결해요, 고기 질이 좋아요, 화장실이 깨끗해요, 단체모임 하기 좋아요, 재료가 신선해요, 야외공간이 멋져요, 비싼 만큼 가치있어요, 뷰가 좋아요, 인테리어가 멋져요, 아늑해요, 현지 맛에 가까워요, 음료가 맛있어요, 아이와 가기 좋아요, 술이 다양해요, 가성비가 좋아요, 직접 잘 구워줘요, 음식이 맛있어요, 혼밥하기 좋아요, 양이 많아요, 메뉴 구성이 알차요, 특별한 날 가기 좋아요, 음식이 빨리 나와요, 차분한 분위기에요, 컨셉이 독특해요, 친절해요, 건강한 맛이에요, 대화하기 좋아요"
가야가야,일식,"잡내가 적어요, 특별한 메뉴가 있어요, 음식이 빨리 나와요, 가성비가 좋아요, 아늑해요, 차분한 분위기에요, 음식이 맛있어요, 화장실이 깨끗해요, 컨셉이 독특해요, 친절해요, 매장이 청결해요, 현지 맛에 가까워요, 혼밥하기 좋아요, 양이 많아요, 재료가 신선해요, 건강한 맛이에요, 인테리어가 멋져요"
트리플본국밥,한식,"특별한 메뉴가 있어요, 매장이 청결해요, 고기 질이 좋아요, 혼술하기 좋아요, 재료가 신선해요, 인테리어가 멋져요, 포장이 깔끔해요, 음악이 좋아요, 잡내가 적어요, 술이 다양해요, 가성비가 좋아요, 음식이 맛있어요, 매장이 넓어요, 혼밥하기 좋아요, 메뉴 구성이 알차요, 양이 많아요, 컨셉이 독특해요, 차분한 분위기에요, 친절해요, 주차하기 편해요, 건강한 맛이에요, 반찬이 잘 나와요, 대화하기 좋아요, 기본 안주가 좋아요"
논데,일식,"특별한 메뉴가 있어요, 매장이 청결해요, 화장실이 깨끗해요, 혼술하기 좋아요, 단체모임 하기 좋아요, 재료가 신선해요, 비싼 만큼 가치있어요, 인테리어가 멋져요, 아늑해요, 음악이 좋아요, 술이 다양해요, 가성비가 좋아요, 음식이 맛있어요, 매장이 넓어요, 혼밥하기 좋아요, 양이 많아요, 메뉴 구성이 알차요, 특별한 날 가기 좋아요, 사진이 잘 나와요, 코스요리가 알차요, 차분한 분위기에요, 친절해요, 대화하기 좋아요"
스낵바 논데,일식,"특별한 메뉴가 있어요, 매장이 청결해요, 혼술하기 좋아요, 단체모임 하기 좋아요, 재료가 신선해요, 비싼 만큼 가치있어요, 인테리어가 멋져요, 아늑해요, 음악이 좋아요, 술이 다양해요, 가성비가 좋아요, 오래 머무르기 좋아요, 음식이 맛있어요, 양이 많아요, 메뉴 구성이 알차요, 코스요리가 알차요, 컨셉이 독특해요, 친절해요, 대화하기 좋아요, 기본 안주가 좋아요"
참치논데,일식,"술이 다양해요, 가성비가 좋아요, 매장이 청결해요, 음식이 맛있어요, 친절해요, 대화하기 좋아요, 인테리어가 멋져요"
421소호,양식,"특별한 메뉴가 있어요, 디저트가 맛있어요, 매장이 청결해요, 재료가 신선해요, 야외공간이 멋져요, 비싼 만큼 가치있어요, 뷰가 좋아요, 인테리어가 멋져요, 아늑해요, 빵이 맛있어요, 음료가 맛있어요, 가성비가 좋아요, 음식이 맛있어요, 메뉴 구성이 알차요, 커피가 맛있어요, 사진이 잘 나와요, 차분한 분위기에요, 친절해요, 집중하기 좋아요, 건강한 맛이에요, 대화하기 좋아요"
줄라이,양식,"특별한 메뉴가 있어요, 매장이 청결해요, 화장실이 깨끗해요, 룸이 잘 되어있어요, 단체모임 하기 좋아요, 재료가 신선해요, 비싼 만큼 가치있어요, 뷰가 좋아요, 인테리어가 멋져요, 아늑해요, 가성비가 좋아요, 음식이 맛있어요, 매장이 넓어요, 혼밥하기 좋아요, 메뉴 구성이 알차요, 양이 많아요, 특별한 날 가기 좋아요, 코스요리가 알차요, 차분한 분위기에요, 친절해요, 대화하기 좋아요"
비아 톨레도 파스타바,양식,"특별한 날 가기 좋아요, 특별한 메뉴가 있어요, 가성비가 좋아요, 매장이 청결해요, 음식이 맛있어요, 화장실이 깨끗해요, 친절해요, 단체모임 하기 좋아요, 혼밥하기 좋아요, 양이 많아요, 메뉴 구성이 알차요, 재료가 신선해요, 인테리어가 멋져요"
저저,한식,"잡내가 적어요, 특별한 메뉴가 있어요, 음식이 빨리 나와요, 가성비가 좋아요, 향신료가 강하지 않아요, 매장이 청결해요, 음식이 맛있어요, 컨셉이 독특해요, 친절해요, 매장이 넓어요, 혼밥하기 좋아요, 양이 많아요, 재료가 신선해요, 건강한 맛이에요, 음악이 좋아요, 인테리어가 멋져요"
에이넷,양식,"반려동물과 가기 좋아요, 특별한 메뉴가 있어요, 매장이 청결해요, 화장실이 깨끗해요, 단체모임 하기 좋아요, 재료가 신선해요, 파티하기 좋아요, 뷰가 좋아요, 인테리어가 멋져요, 아늑해요, 음악이 좋아요, 음료가 맛있어요, 술이 다양해요, 가성비가 좋아요, 오래 머무르기 좋아요, 음식이 맛있어요, 라이브공연이 훌륭해요, 메뉴 구성이 알차요, 특별한 날 가기 좋아요, 사진이 잘 나와요, 차분한 분위기에요, 친절해요, 대화하기 좋아요, 기본 안주가 좋아요"
팔발라 드 코코 압구정 로데오점,양식,"반려동물과 가기 좋아요, 특별한 메뉴가 있어요, 디저트가 맛있어요, 매장이 청결해요, 화장실이 깨끗해요, 단체모임 하기 좋아요, 재료가 신선해요, 환기가 잘 돼요, 야외공간이 멋져요, 비싼 만큼 가치있어요, 뷰가 좋아요, 인테리어가 멋져요, 아늑해요, 음악이 좋아요, 음료가 맛있어요, 술이 다양해요, 오래 머무르기 좋아요, 음식이 맛있어요, 매장이 넓어요, 메뉴 구성이 알차요, 특별한 날 가기 좋아요, 커피가 맛있어요, 사진이 잘 나와요, 차분한 분위기에요, 컨셉이 독특해요, 친절해요, 건강한 맛이에요, 대화하기 좋아요"
팔발라 삼청본점,양식,"반려동물과 가기 좋아요, 특별한 메뉴가 있어요, 향신료가 강하지 않아요, 매장이 청결해요, 화장실이 깨끗해요, 디저트가 맛있어요, 고기 질이 좋아요, 룸이 잘 되어있어요, 단체모임 하기 좋아요, 재료가 신선해요, 환기가 잘 돼요, 야외공간이 멋져요, 비싼 만큼 가치있어요, 뷰가 좋아요, 인테리어가 멋져요, 아늑해요, 현지 맛에 가까워요, 음악이 좋아요, 음료가 맛있어요, 잡내가 적어요, 아이와 가기 좋아요, 술이 다양해요, 가성비가 좋아요, 오래 머무르기 좋아요, 음식이 맛있어요, 매장이 넓어요, 혼밥하기 좋아요, 메뉴 구성이 알차요, 양이 많아요, 특별한 날 가기 좋아요, 음식이 빨리 나와요, 사진이 잘 나와요, 차분한 분위기에요, 컨셉이 독특해요, 친절해요, 주차하기 편해요, 건강한 맛이에요, 대화하기 좋아요"
조광101,중식,"특별한 메뉴가 있어요, 매장이 청결해요, 혼술하기 좋아요, 단체모임 하기 좋아요, 재료가 신선해요, 비싼 만큼 가치있어요, 인테리어가 멋져요, 아늑해요, 현지 맛에 가까워요, 음악이 좋아요, 음료가 맛있어요, 잡내가 적어요, 오래 머무르기 좋아요, 가성비가 좋아요, 음식이 맛있어요, 매장이 넓어요, 혼밥하기 좋아요, 메뉴 구성이 알차요, 양이 많아요, 특별한 날 가기 좋아요, 컨셉이 독특해요, 차분한 분위기에요, 친절해요, 대화하기 좋아요"
조광201,중식,"좌석이 편해요, 특별한 메뉴가 있어요, 향신료가 강하지 않아요, 매장이 청결해요, 화장실이 깨끗해요, 단체모임 하기 좋아요, 재료가 신선해요, 비싼 만큼 가치있어요, 뷰가 좋아요, 인테리어가 멋져요, 아늑해요, 현지 맛에 가까워요, 음악이 좋아요, 잡내가 적어요, 술이 다양해요, 가성비가 좋아요, 오래 머무르기 좋아요, 음식이 맛있어요, 매장이 넓어요, 혼밥하기 좋아요, 메뉴 구성이 알차요, 양이 많아요, 특별한 날 가기 좋아요, 음식이 빨리 나와요, 사진이 잘 나와요, 컨셉이 독특해요, 차분한 분위기에요, 친절해요, 주차하기 편해요, 대화하기 좋아요"
윰드,양식,"반려동물과 가기 좋아요, 특별한 메뉴가 있어요, 디저트가 맛있어요, 매장이 청결해요, 화장실이 깨끗해요, 재료가 신선해요, 야외공간이 멋져요, 비싼 만큼 가치있어요, 뷰가 좋아요, 인테리어가 멋져요, 아늑해요, 빵이 맛있어요, 음악이 좋아요, 음료가 맛있어요, 오래 머무르기 좋아요, 가성비가 좋아요, 음식이 맛있어요, 매장이 넓어요, 메뉴 구성이 알차요, 특별한 날 가기 좋아요, 커피가 맛있어요, 사진이 잘 나와요, 음식이 빨리 나와요, 차분한 분위기에요, 컨셉이 독특해요, 친절해요, 주차하기 편해요, 종류가 다양해요, 건강한 맛이에요, 대화하기 좋아요"
마마리다이닝,기타,"특별한 메뉴가 있어요, 매장이 청결해요, 고기 질이 좋아요, 화장실이 깨끗해요, 룸이 잘 되어있어요, 단체모임 하기 좋아요, 재료가 신선해요, 비싼 만큼 가치있어요, 뷰가 좋아요, 인테리어가 멋져요, 아늑해요, 음료가 맛있어요, 아이와 가기 좋아요, 가성비가 좋아요, 음식이 맛있어요, 매장이 넓어요, 혼밥하기 좋아요, 메뉴 구성이 알차요, 양이 많아요, 특별한 날 가기 좋아요, 차분한 분위기에요, 친절해요, 주차하기 편해요, 건강한 맛이에요, 반찬이 잘 나와요, 대화하기 좋아요"
마마리마켓,한식,"반려동물과 가기 좋아요, 특별한 메뉴가 있어요, 디저트가 맛있어요, 매장이 청결해요, 단체모임 하기 좋아요, 재료가 신선해요, 비싼 만큼 가치있어요, 인테리어가 멋져요, 아늑해요, 술이 다양해요, 가성비가 좋아요, 음식이 맛있어요, 매장이 넓어요, 혼밥하기 좋아요, 메뉴 구성이 알차요, 양이 많아요, 특별한 날 가기 좋아요, 커피가 맛있어요, 친절해요, 건강한 맛이에요, 반찬이 잘 나와요"
피델리오,양식,"특별한 날 가기 좋아요, 특별한 메뉴가 있어요, 가성비가 좋아요, 코스요리가 알차요, 매장이 청결해요, 음식이 맛있어요, 친절해요, 단체모임 하기 좋아요, 매장이 넓어요, 양이 많아요, 재료가 신선해요, 뷰가 좋아요, 인테리어가 멋져요"
묵정,한식,"특별한 메뉴가 있어요, 음식이 맛있어요, 친절해요, 건강한 맛이에요, 인테리어가 멋져요"
블그레,기타,"특별한 메뉴가 있어요, 매장이 청결해요, 화장실이 깨끗해요, 단체모임 하기 좋아요, 재료가 신선해요, 비싼 만큼 가치있어요, 뷰가 좋아요, 인테리어가 멋져요, 아늑해요, 음악이 좋아요, 술이 다양해요, 오래 머무르기 좋아요, 가성비가 좋아요, 음식이 맛있어요, 매장이 넓어요, 혼밥하기 좋아요, 메뉴 구성이 알차요, 양이 많아요, 특별한 날 가기 좋아요, 사진이 잘 나와요, 코스요리가 알차요, 컨셉이 독특해요, 친절해요, 주차하기 편해요, 건강한 맛이에요, 대화하기 좋아요, 기본 안주가 좋아요"
띵스버거,양식,
마늘집,한식,"잡내가 적어요, 특별한 메뉴가 있어요, 아늑해요, 가성비가 좋아요, 음식이 빨리 나와요, 컨셉이 독특해요, 음식이 맛있어요, 고기 질이 좋아요, 매장이 청결해요, 친절해요, 단체모임 하기 좋아요, 매장이 넓어요, 혼밥하기 좋아요, 양이 많아요, 메뉴 구성이 알차요, 재료가 신선해요, 건강한 맛이에요, 인테리어가 멋져요"
전주비빔소리,한식,"특별한 메뉴가 있어요, 매장이 청결해요, 화장실이 깨끗해요, 단체모임 하기 좋아요, 재료가 신선해요, 환기가 잘 돼요, 뷰가 좋아요, 인테리어가 멋져요, 아늑해요, 현지 맛에 가까워요, 아이와 가기 좋아요, 가성비가 좋아요, 음식이 맛있어요, 매장이 넓어요, 혼밥하기 좋아요, 양이 많아요, 메뉴 구성이 알차요, 특별한 날 가기 좋아요, 음식이 빨리 나와요, 컨셉이 독특해요, 친절해요, 주차하기 편해요, 건강한 맛이에요, 반찬이 잘 나와요, 대화하기 좋아요"
촨촨지우바,중식,"특별한 메뉴가 있어요, 향신료가 강하지 않아요, 매장이 청결해요, 화장실이 깨끗해요, 단체모임 하기 좋아요, 재료가 신선해요, 야외공간이 멋져요, 비싼 만큼 가치있어요, 뷰가 좋아요, 인테리어가 멋져요, 아늑해요, 현지 맛에 가까워요, 음악이 좋아요, 가성비가 좋아요, 음식이 맛있어요, 매장이 넓어요, 혼밥하기 좋아요, 양이 많아요, 메뉴 구성이 알차요, 특별한 날 가기 좋아요, 사진이 잘 나와요, 컨셉이 독특해요, 친절해요, 대화하기 좋아요"
부토,기타,"아늑해요, 특별한 메뉴가 있어요, 술이 다양해요, 오래 머무르기 좋아요, 컨셉이 독특해요, 음식이 맛있어요, 차분한 분위기에요, 혼술하기 좋아요, 친절해요, 단체모임 하기 좋아요, 재료가 신선해요, 인테리어가 멋져요, 대화하기 좋아요, 기본 안주가 좋아요"
로기,양식,"좌석이 편해요, 특별한 메뉴가 있어요, 매장이 청결해요, 고기 질이 좋아요, 화장실이 깨끗해요, 룸이 잘 되어있어요, 단체모임 하기 좋아요, 재료가 신선해요, 비싼 만큼 가치있어요, 인테리어가 멋져요, 아늑해요, 음악이 좋아요, 술이 다양해요, 오래 머무르기 좋아요, 가성비가 좋아요, 직접 잘 구워줘요, 음식이 맛있어요, 매장이 넓어요, 혼밥하기 좋아요, 메뉴 구성이 알차요, 양이 많아요, 특별한 날 가기 좋아요, 음식이 빨리 나와요, 코스요리가 알차요, 컨셉이 독특해요, 차분한 분위기에요, 친절해요, 주차하기 편해요, 대화하기 좋아요"
스큐어,일식,"아늑해요, 특별한 메뉴가 있어요, 술이 다양해요, 가성비가 좋아요, 매장이 청결해요, 음식이 맛있어요, 화장실이 깨끗해요, 혼술하기 좋아요, 친절해요, 컨셉이 독특해요, 현지 맛에 가까워요, 혼밥하기 좋아요, 메뉴 구성이 알차요, 재료가 신선해요, 야외공간이 멋져요, 뷰가 좋아요, 대화하기 좋아요, 인테리어가 멋져요"
보꾸,일식,"특별한 메뉴가 있어요, 매장이 청결해요, 고기 질이 좋아요, 디저트가 맛있어요, 혼술하기 좋아요, 단체모임 하기 좋아요, 재료가 신선해요, 야외공간이 멋져요, 인테리어가 멋져요, 아늑해요, 현지 맛에 가까워요, 음료가 맛있어요, 술이 다양해요, 가성비가 좋아요, 직접 잘 구워줘요, 음식이 맛있어요, 매장이 넓어요, 혼밥하기 좋아요, 메뉴 구성이 알차요, 양이 많아요, 특별한 날 가기 좋아요, 사진이 잘 나와요, 차분한 분위기에요, 컨셉이 독특해요, 친절해요, 주차하기 편해요, 대화하기 좋아요, 기본 안주가 좋아요"
뽁식당 고잔점,양식,"좌석이 편해요, 반려동물과 가기 좋아요, 특별한 메뉴가 있어요, 향신료가 강하지 않아요, 매장이 청결해요, 고기 질이 좋아요, 화장실이 깨끗해요, 룸이 잘 되어있어요, 단체모임 하기 좋아요, 재료가 신선해요, 환기가 잘 돼요, 야외공간이 멋져요, 비싼 만큼 가치있어요, 뷰가 좋아요, 인테리어가 멋져요, 아늑해요, 포장이 깔끔해요, 음악이 좋아요, 음료가 맛있어요, 잡내가 적어요, 아이와 가기 좋아요, 술이 다양해요, 가성비가 좋아요, 오래 머무르기 좋아요, 음식이 맛있어요, 매장이 넓어요, 혼밥하기 좋아요, 양이 많아요, 메뉴 구성이 알차요, 특별한 날 가기 좋아요, 음식이 빨리 나와요, 사진이 잘 나와요, 코스요리가 알차요, 차분한 분위기에요, 컨셉이 독특해요, 샐러드바가 잘 되어있어요, 친절해요, 주차하기 편해요, 집중하기 좋아요, 건강한 맛이에요, 반찬이 잘 나와요, 대화하기 좋아요, 기본 안주가 좋아요"
뽁식당 구월점,양식,"좌석이 편해요, 반려동물과 가기 좋아요, 특별한 메뉴가 있어요, 향신료가 강하지 않아요, 매장이 청결해요, 화장실이 깨끗해요, 고기 질이 좋아요, 룸이 잘 되어있어요, 단체모임 하기 좋아요, 재료가 신선해요, 비싼 만큼 가치있어요, 뷰가 좋아요, 인테리어가 멋져요, 아늑해요, 음악이 좋아요, 음료가 맛있어요, 아이와 가기 좋아요, 가성비가 좋아요, 오래 머무르기 좋아요, 음식이 맛있어요, 매장이 넓어요, 혼밥하기 좋아요, 메뉴 구성이 알차요, 양이 많아요, 특별한 날 가기 좋아요, 음식이 빨리 나와요, 사진이 잘 나와요, 코스요리가 알차요, 차분한 분위기에요, 컨셉이 독특해요, 친절해요, 주차하기 편해요, 집중하기 좋아요, 건강한 맛이에요, 대화하기 좋아요, 기본 안주가 좋아요"
뽁식당 배곧점,양식,"좌석이 편해요, 반려동물과 가기 좋아요, 특별한 메뉴가 있어요, 매장이 청결해요, 화장실이 깨끗해요, 고기 질이 좋아요, 룸이 잘 되어있어요, 단체모임 하기 좋아요, 재료가 신선해요, 야외공간이 멋져요, 비싼 만큼 가치있어요, 뷰가 좋아요, 인테리어가 멋져요, 아늑해요, 음악이 좋아요, 음료가 맛있어요, 아이와 가기 좋아요, 술이 다양해요, 가성비가 좋아요, 오래 머무르기 좋아요, 음식이 맛있어요, 매장이 넓어요, 혼밥하기 좋아요, 양이 많아요, 메뉴 구성이 알차요, 특별한 날 가기 좋아요, 음식이 빨리 나와요, 사진이 잘 나와요, 코스요리가 알차요, 차분한 분위기에요, 컨셉이 독특해요, 주차하기 편해요, 친절해요, 집중하기 좋아요, 건강한 맛이에요, 대화하기 좋아요"
뽁식당 범계점,양식,"좌석이 편해요, 반려동물과 가기 좋아요, 특별한 메뉴가 있어요, 향신료가 강하지 않아요, 매장이 청결해요, 화장실이 깨끗해요, 고기 질이 좋아요, 디저트가 맛있어요, 혼술하기 좋아요, 룸이 잘 되어있어요, 단체모임 하기 좋아요, 재료가 신선해요, 야외공간이 멋져요, 비싼 만큼 가치있어요, 뷰가 좋아요, 인테리어가 멋져요, 아늑해요, 현지 맛에 가까워요, 음악이 좋아요, 음료가 맛있어요, 잡내가 적어요, 아이와 가기 좋아요, 가성비가 좋아요, 오래 머무르기 좋아요, 음식이 맛있어요, 매장이 넓어요, 혼밥하기 좋아요, 메뉴 구성이 알차요, 양이 많아요, 특별한 날 가기 좋아요, 음식이 빨리 나와요, 사진이 잘 나와요, 코스요리가 알차요, 컨셉이 독특해요, 차분한 분위기에요, 친절해요, 주차하기 편해요, 집중하기 좋아요, 건강한 맛이에요, 반찬이 잘 나와요, 대화하기 좋아요, 기본 안주가 좋아요"
뽁식당 부평점,양식,"반려동물과 가기 좋아요, 특별한 메뉴가 있어요, 향신료가 강하지 않아요, 매장이 청결해요, 고기 질이 좋아요, 화장실이 깨끗해요, 룸이 잘 되어있어요, 단체모임 하기 좋아요, 재료가 신선해요, 환기가 잘 돼요, 야외공간이 멋져요, 비싼 만큼 가치있어요, 뷰가 좋아요, 인테리어가 멋져요, 아늑해요, 음악이 좋아요, 음료가 맛있어요, 잡내가 적어요, 아이와 가기 좋아요, 술이 다양해요, 가성비가 좋아요, 오래 머무르기 좋아요, 음식이 맛있어요, 매장이 넓어요, 혼밥하기 좋아요, 메뉴 구성이 알차요, 양이 많아요, 특별한 날 가기 좋아요, 음식이 빨리 나와요, 사진이 잘 나와요, 코스요리가 알차요, 컨셉이 독특해요, 차분한 분위기에요, 친절해요, 주차하기 편해요, 집중하기 좋아요, 건강한 맛이에요, 대화하기 좋아요, 기본 안주가 좋아요"
뽁식당 수원 금곡동점,양식,"좌석이 편해요, 반려동물과 가기 좋아요, 특별한 메뉴가 있어요, 매장이 청결해요, 화장실이 깨끗해요, 고기 질이 좋아요, 룸이 잘 되어있어요, 단체모임 하기 좋아요, 재료가 신선해요, 야외공간이 멋져요, 비싼 만큼 가치있어요, 뷰가 좋아요, 인테리어가 멋져요, 아늑해요, 현지 맛에 가까워요, 음악이 좋아요, 음료가 맛있어요, 잡내가 적어요, 아이와 가기 좋아요, 가성비가 좋아요, 오래 머무르기 좋아요, 음식이 맛있어요, 매장이 넓어요, 혼밥하기 좋아요, 양이 많아요, 메뉴 구성이 알차요, 특별한 날 가기 좋아요, 음식이 빨리 나와요, 사진이 잘 나와요, 코스요리가 알차요, 컨셉이 독특해요, 차분한 분위기에요, 주차하기 편해요, 친절해요, 집중하기 좋아요, 건강한 맛이에요, 대화하기 좋아요, 기본 안주가 좋아요"
뽁식당 신촌점,양식,"좌석이 편해요, 특별한 메뉴가 있어요, 매장이 청결해요, 화장실이 깨끗해요, 고기 질이 좋아요, 룸이 잘 되어있어요, 단체모임 하기 좋아요, 재료가 신선해요, 환기가 잘 돼요, 야외공간이 멋져요, 비싼 만큼 가치있어요, 뷰가 좋아요, 인테리어가 멋져요, 아늑해요, 현지 맛에 가까워요, 음악이 좋아요, 음료가 맛있어요, 가성비가 좋아요, 오래 머무르기 좋아요, 음식이 맛있어요, 매장이 넓어요, 혼밥하기 좋아요, 양이 많아요, 메뉴 구성이 알차요, 특별한 날 가기 좋아요, 음식이 빨리 나와요, 사진이 잘 나와요, 코스요리가 알차요, 차분한 분위기에요, 컨셉이 독특해요, 친절해요, 건강한 맛이에요, 대화하기 좋아요, 기본 안주가 좋아요"
뽁식당 진주점,양식,"좌석이 편해요, 반려동물과 가기 좋아요, 특별한 메뉴가 있어요, 향신료가 강하지 않아요, 매장이 청결해요, 고기 질이 좋아요, 화장실이 깨끗해요, 룸이 잘 되어있어요, 단체모임 하기 좋아요, 재료가 신선해요, 야외공간이 멋져요, 비싼 만큼 가치있어요, 뷰가 좋아요, 인테리어가 멋져요, 아늑해요, 현지 맛에 가까워요, 포장이 깔끔해요, 음악이 좋아요, 음료가 맛있어요, 잡내가 적어요, 아이와 가기 좋아요, 가성비가 좋아요, 음식이 맛있어요, 매장이 넓어요, 혼밥하기 좋아요, 양이 많아요, 메뉴 구성이 알차요, 특별한 날 가기 좋아요, 음식이 빨리 나와요, 사진이 잘 나와요, 코스요리가 알차요, 컨셉이 독특해요, 차분한 분위기에요, 친절해요, 주차하기 편해요, 집중하기 좋아요, 건강한 맛이에요, 반찬이 잘 나와요, 대화하기 좋아요, 기본 안주가 좋아요"
뽁식당 트리플스트리트점,양식,"좌석이 편해요, 특별한 메뉴가 있어요, 향신료가 강하지 않아요, 매장이 청결해요, 고기 질이 좋아요, 화장실이 깨끗해요, 룸이 잘 되어있어요, 단체모임 하기 좋아요, 재료가 신선해요, 환기가 잘 돼요, 야외공간이 멋져요, 비싼 만큼 가치있어요, 뷰가 좋아요, 인테리어가 멋져요, 아늑해요, 음악이 좋아요, 음료가 맛있어요, 잡내가 적어요, 아이와 가기 좋아요, 가성비가 좋아요, 오래 머무르기 좋아요, 직접 잘 구워줘요, 음식이 맛있어요, 매장이 넓어요, 혼밥하기 좋아요, 메뉴 구성이 알차요, 양이 많아요, 특별한 날 가기 좋아요, 음식이 빨리 나와요, 사진이 잘 나와요, 코스요리가 알차요, 컨셉이 독특해요, 차분한 분위기에요, 주차하기 편해요, 친절해요, 건강한 맛이에요, 반찬이 잘 나와요, 대화하기 좋아요, 기본 안주가 좋아요"
뽁식당 평거점,양식,"좌석이 편해요, 반려동물과 가기 좋아요, 특별한 메뉴가 있어요, 향신료가 강하지 않아요, 매장이 청결해요, 고기 질이 좋아요, 화장실이 깨끗해요, 룸이 잘 되어있어요, 단체모임 하기 좋아요, 재료가 신선해요, 야외공간이 멋져요, 비싼 만큼 가치있어요, 뷰가 좋아요, 인테리어가 멋져요, 아늑해요, 포장이 깔끔해요, 음악이 좋아요, 음료가 맛있어요, 잡내가 적어요, 아이와 가기 좋아요, 가성비가 좋아요, 오래 머무르기 좋아요, 음식이 맛있어요, 매장이 넓어요, 혼밥하기 좋아요, 양이 많아요, 메뉴 구성이 알차요, 특별한 날 가기 좋아요, 음식이 빨리 나와요, 사진이 잘 나와요, 코스요리가 알차요, 컨셉이 독특해요, 차분한 분위기에요, 주차하기 편해요, 친절해요, 건강한 맛이에요, 대화하기 좋아요, 기본 안주가 좋아요"
뽁식당 행궁동점,양식,"좌석이 편해요, 반려동물과 가기 좋아요, 특별한 메뉴가 있어요, 향신료가 강하지 않아요, 매장이 청결해요, 화장실이 깨끗해요, 고기 질이 좋아요, 단체모임 하기 좋아요, 재료가 신선해요, 야외공간이 멋져요, 비싼 만큼 가치있어요, 뷰가 좋아요, 인테리어가 멋져요, 아늑해요, 현지 맛에 가까워요, 음악이 좋아요, 음료가 맛있어요, 잡내가 적어요, 아이와 가기 좋아요, 가성비가 좋아요, 오래 머무르기 좋아요, 음식이 맛있어요, 매장이 넓어요, 혼밥하기 좋아요, 양이 많아요, 메뉴 구성이 알차요, 특별한 날 가기 좋아요, 음식이 빨리 나와요, 사진이 잘 나와요, 커피가 맛있어요, 컨셉이 독특해요, 차분한 분위기에요, 코스요리가 알차요, 친절해요, 주차하기 편해요, 집중하기 좋아요, 건강한 맛이에요, 대화하기 좋아요, 기본 안주가 좋아요"
소굿,양식,"특별한 메뉴가 있어요, 매장이 청결해요, 고기 질이 좋아요, 화장실이 깨끗해요, 디저트가 맛있어요, 단체모임 하기 좋아요, 재료가 신선해요, 비싼 만큼 가치있어요, 뷰가 좋아요, 인테리어가 멋져요, 아늑해요, 술이 다양해요, 가성비가 좋아요, 오래 머무르기 좋아요, 음식이 맛있어요, 매장이 넓어요, 혼밥하기 좋아요, 메뉴 구성이 알차요, 양이 많아요, 특별한 날 가기 좋아요, 사진이 잘 나와요, 코스요리가 알차요, 차분한 분위기에요, 컨셉이 독특해요, 친절해요, 건강한 맛이에요, 대화하기 좋아요"
오복당,중식,"좌석이 편해요, 반려동물과 가기 좋아요, 특별한 메뉴가 있어요, 향신료가 강하지 않아요, 매장이 청결해요, 디저트가 맛있어요, 고기 질이 좋아요, 화장실이 깨끗해요, 룸이 잘 되어있어요, 단체모임 하기 좋아요, 재료가 신선해요, 야외공간이 멋져요, 비싼 만큼 가치있어요, 뷰가 좋아요, 인테리어가 멋져요, 아늑해요, 현지 맛에 가까워요, 음악이 좋아요, 음료가 맛있어요, 잡내가 적어요, 아이와 가기 좋아요, 술이 다양해요, 가성비가 좋아요, 오래 머무르기 좋아요, 음식이 맛있어요, 매장이 넓어요, 혼밥하기 좋아요, 양이 많아요, 메뉴 구성이 알차요, 특별한 날 가기 좋아요, 음식이 빨리 나와요, 사진이 잘 나와요, 코스요리가 알차요, 컨셉이 독특해요, 차분한 분위기에요, 친절해요, 주차하기 편해요, 집중하기 좋아요, 건강한 맛이에요, 반찬이 잘 나와요, 대화하기 좋아요, 기본 안주가 좋아요"
카사 데 타코,양식,"좌석이 편해요, 반려동물과 가기 좋아요, 특별한 메뉴가 있어요, 향신료가 강하지 않아요, 매장이 청결해요, 고기 질이 좋아요, 화장실이 깨끗해요, 혼술하기 좋아요, 룸이 잘 되어있어요, 단체모임 하기 좋아요, 재료가 신선해요, 환기가 잘 돼요, 야외공간이 멋져요, 비싼 만큼 가치있어요, 뷰가 좋아요, 인테리어가 멋져요, 아늑해요, 현지 맛에 가까워요, 음악이 좋아요, 음료가 맛있어요, 잡내가 적어요, 아이와 가기 좋아요, 술이 다양해요, 가성비가 좋아요, 오래 머무르기 좋아요, 직접 잘 구워줘요, 음식이 맛있어요, 매장이 넓어요, 혼밥하기 좋아요, 양이 많아요, 메뉴 구성이 알차요, 특별한 날 가기 좋아요, 음식이 빨리 나와요, 사진이 잘 나와요, 코스요리가 알차요, 컨셉이 독특해요, 차분한 분위기에요, 친절해요, 주차하기 편해요, 집중하기 좋아요, 건강한 맛이에요, 반찬이 잘 나와요, 대화하기 좋아요"
카사 데 타코 송도점,양식,"좌석이 편해요, 반려동물과 가기 좋아요, 특별한 메뉴가 있어요, 향신료가 강하지 않아요, 매장이 청결해요, 화장실이 깨끗해요, 고기 질이 좋아요, 단체모임 하기 좋아요, 재료가 신선해요, 환기가 잘 돼요, 야외공간이 멋져요, 비싼 만큼 가치있어요, 뷰가 좋아요, 인테리어가 멋져요, 아늑해요, 현지 맛에 가까워요, 포장이 깔끔해요, 음악이 좋아요, 음료가 맛있어요, 잡내가 적어요, 술이 다양해요, 아이와 가기 좋아요, 가성비가 좋아요, 직접 잘 구워줘요, 음식이 맛있어요, 매장이 넓어요, 혼밥하기 좋아요, 메뉴 구성이 알차요, 양이 많아요, 특별한 날 가기 좋아요, 음식이 빨리 나와요, 사진이 잘 나와요, 코스요리가 알차요, 컨셉이 독특해요, 차분한 분위기에요, 친절해요, 주차하기 편해요, 건강한 맛이에요, 반찬이 잘 나와요, 대화하기 좋아요, 기본 안주가 좋아요"
카사데타코 신논현점,양식,"좌석이 편해요, 특별한 메뉴가 있어요, 향신료가 강하지 않아요, 매장이 청결해요, 화장실이 깨끗해요, 단체모임 하기 좋아요, 재료가 신선해요, 비싼 만큼 가치있어요, 인테리어가 멋져요, 아늑해요, 현지 맛에 가까워요, 음악이 좋아요, 음료가 맛있어요, 잡내가 적어요, 술이 다양해요, 가성비가 좋아요, 오래 머무르기 좋아요, 음식이 맛있어요, 매장이 넓어요, 혼밥하기 좋아요, 메뉴 구성이 알차요, 양이 많아요, 특별한 날 가기 좋아요, 음식이 빨리 나와요, 사진이 잘 나와요, 컨셉이 독특해요, 차분한 분위기에요, 친절해요, 주차하기 편해요, 건강한 맛이에요, 반찬이 잘 나와요, 대화하기 좋아요, 기본 안주가 좋아요"
카사데타코 의정부점,양식,"좌석이 편해요, 특별한 메뉴가 있어요, 향신료가 강하지 않아요, 매장이 청결해요, 화장실이 깨끗해요, 고기 질이 좋아요, 혼술하기 좋아요, 룸이 잘 되어있어요, 단체모임 하기 좋아요, 재료가 신선해요, 야외공간이 멋져요, 비싼 만큼 가치있어요, 인테리어가 멋져요, 아늑해요, 현지 맛에 가까워요, 음악이 좋아요, 음료가 맛있어요, 잡내가 적어요, 아이와 가기 좋아요, 가성비가 좋아요, 오래 머무르기 좋아요, 직접 잘 구워줘요, 음식이 맛있어요, 매장이 넓어요, 혼밥하기 좋아요, 메뉴 구성이 알차요, 양이 많아요, 특별한 날 가기 좋아요, 음식이 빨리 나와요, 사진이 잘 나와요, 코스요리가 알차요, 컨셉이 독특해요, 차분한 분위기에요, 친절해요, 주차하기 편해요, 건강한 맛이에요, 반찬이 잘 나와요, 대화하기 좋아요, 기본 안주가 좋아요"
야키토리 묵,일식,"특별한 메뉴가 있어요, 향신료가 강하지 않아요, 매장이 청결해요, 고기 질이 좋아요, 디저트가 맛있어요, 혼술하기 좋아요, 화장실이 깨끗해요, 단체모임 하기 좋아요, 재료가 신선해요, 비싼 만큼 가치있어요, 뷰가 좋아요, 인테리어가 멋져요, 아늑해요, 현지 맛에 가까워요, 음악이 좋아요, 잡내가 적어요, 술이 다양해요, 가성비가 좋아요, 직접 잘 구워줘요, 음식이 맛있어요, 매장이 넓어요, 혼밥하기 좋아요, 메뉴 구성이 알차요, 양이 많아요, 특별한 날 가기 좋아요, 음식이 빨리 나와요, 사진이 잘 나와요, 코스요리가 알차요, 차분한 분위기에요, 컨셉이 독특해요, 친절해요, 주차하기 편해요, 집중하기 좋아요, 건강한 맛이에요, 반찬이 잘 나와요, 대화하기 좋아요, 기본 안주가 좋아요"
야키토리묵 신사점,일식,"특별한 메뉴가 있어요, 매장이 청결해요, 고기 질이 좋아요, 화장실이 깨끗해요, 혼술하기 좋아요, 단체모임 하기 좋아요, 재료가 신선해요, 인테리어가 멋져요, 아늑해요, 술이 다양해요, 가성비가 좋아요, 직접 잘 구워줘요, 음식이 맛있어요, 매장이 넓어요, 혼밥하기 좋아요, 양이 많아요, 메뉴 구성이 알차요, 특별한 날 가기 좋아요, 코스요리가 알차요, 차분한 분위기에요, 친절해요, 건강한 맛이에요, 대화하기 좋아요, 기본 안주가 좋아요"
남영탉,기타,"특별한 메뉴가 있어요, 향신료가 강하지 않아요, 매장이 청결해요, 고기 질이 좋아요, 화장실이 깨끗해요, 단체모임 하기 좋아요, 재료가 신선해요, 비싼 만큼 가치있어요, 뷰가 좋아요, 인테리어가 멋져요, 아늑해요, 현지 맛에 가까워요, 음악이 좋아요, 음료가 맛있어요, 잡내가 적어요, 술이 다양해요, 가성비가 좋아요, 직접 잘 구워줘요, 음식이 맛있어요, 매장이 넓어요, 혼밥하기 좋아요, 메뉴 구성이 알차요, 양이 많아요, 특별한 날 가기 좋아요, 음식이 빨리 나와요, 사진이 잘 나와요, 컨셉이 독특해요, 차분한 분위기에요, 친절해요, 주차하기 편해요, 건강한 맛이에요, 반찬이 잘 나와요, 대화하기 좋아요, 기본 안주가 좋아요"
탄막,한식,"특별한 메뉴가 있어요, 술이 다양해요, 기본 안주가 좋아요, 매장이 청결해요, 음식이 맛있어요, 혼술하기 좋아요, 친절해요, 음악이 좋아요, 메뉴 구성이 알차요, 재료가 신선해요, 건강한 맛이에요, 대화하기 좋아요, 인테리어가 멋져요"
디핀,양식,"특별한 메뉴가 있어요, 디저트가 맛있어요, 고기 질이 좋아요, 매장이 청결해요, 화장실이 깨끗해요, 단체모임 하기 좋아요, 재료가 신선해요, 비싼 만큼 가치있어요, 인테리어가 멋져요, 아늑해요, 술이 다양해요, 가성비가 좋아요, 음식이 맛있어요, 매장이 넓어요, 양이 많아요, 특별한 날 가기 좋아요, 차분한 분위기에요, 친절해요, 대화하기 좋아요"
디핀옥수,양식,"특별한 메뉴가 있어요, 매장이 청결해요, 화장실이 깨끗해요, 단체모임 하기 좋아요, 재료가 신선해요, 비싼 만큼 가치있어요, 뷰가 좋아요, 인테리어가 멋져요, 아늑해요, 술이 다양해요, 가성비가 좋아요, 음식이 맛있어요, 매장이 넓어요, 혼밥하기 좋아요, 메뉴 구성이 알차요, 양이 많아요, 특별한 날 가기 좋아요, 음식이 빨리 나와요, 사진이 잘 나와요, 차분한 분위기에요, 컨셉이 독특해요, 친절해요, 대화하기 좋아요"
본연,한식,"좌석이 편해요, 특별한 날 가기 좋아요, 특별한 메뉴가 있어요, 술이 다양해요, 사진이 잘 나와요, 커피가 맛있어요, 매장이 청결해요, 음식이 맛있어요, 친절해요, 매장이 넓어요, 재료가 신선해요, 야외공간이 멋져요, 뷰가 좋아요, 인테리어가 멋져요"
최씨네 피자,양식,
안동집 손칼국시,한식,"특별한 메뉴가 있어요, 향신료가 강하지 않아요, 매장이 청결해요, 고기 질이 좋아요, 화장실이 깨끗해요, 혼술하기 좋아요, 단체모임 하기 좋아요, 재료가 신선해요, 야외공간이 멋져요, 비싼 만큼 가치있어요, 뷰가 좋아요, 인테리어가 멋져요, 아늑해요, 현지 맛에 가까워요, 잡내가 적어요, 가성비가 좋아요, 직접 잘 구워줘요, 음식이 맛있어요, 매장이 넓어요, 혼밥하기 좋아요, 양이 많아요, 메뉴 구성이 알차요, 특별한 날 가기 좋아요, 음식이 빨리 나와요, 컨셉이 독특해요, 친절해요, 주차하기 편해요, 건강한 맛이에요, 반찬이 잘 나와요"
즐거운술상,한식,"특별한 메뉴가 있어요, 가성비가 좋아요, 코스요리가 알차요, 매장이 청결해요, 음식이 맛있어요, 오래 머무르기 좋아요, 혼술하기 좋아요, 친절해요, 단체모임 하기 좋아요, 메뉴 구성이 알차요, 재료가 신선해요, 건강한 맛이에요, 대화하기 좋아요, 기본 안주가 좋아요"
나카지마 고에몽,일식,"특별한 날 가기 좋아요, 아늑해요, 특별한 메뉴가 있어요, 오래 머무르기 좋아요, 가성비가 좋아요, 차분한 분위기에요, 음식이 맛있어요, 매장이 청결해요, 친절해요, 주차하기 편해요, 단체모임 하기 좋아요, 혼밥하기 좋아요, 메뉴 구성이 알차요, 양이 많아요, 재료가 신선해요, 비싼 만큼 가치있어요, 대화하기 좋아요, 인테리어가 멋져요"
스낵바세이지 어부bar,일식,"특별한 메뉴가 있어요, 매장이 청결해요, 화장실이 깨끗해요, 혼술하기 좋아요, 단체모임 하기 좋아요, 재료가 신선해요, 비싼 만큼 가치있어요, 뷰가 좋아요, 파티하기 좋아요, 인테리어가 멋져요, 아늑해요, 음악이 좋아요, 음료가 맛있어요, 술이 다양해요, 가성비가 좋아요, 오래 머무르기 좋아요, 음식이 맛있어요, 매장이 넓어요, 혼밥하기 좋아요, 양이 많아요, 메뉴 구성이 알차요, 특별한 날 가기 좋아요, 음식이 빨리 나와요, 사진이 잘 나와요, 코스요리가 알차요, 컨셉이 독특해요, 친절해요, 대화하기 좋아요, 기본 안주가 좋아요"
심야식당세이지 연신내본점,일식,"특별한 메뉴가 있어요, 매장이 청결해요, 화장실이 깨끗해요, 혼술하기 좋아요, 단체모임 하기 좋아요, 재료가 신선해요, 비싼 만큼 가치있어요, 인테리어가 멋져요, 아늑해요, 음악이 좋아요, 음료가 맛있어요, 술이 다양해요, 가성비가 좋아요, 오래 머무르기 좋아요, 음식이 맛있어요, 매장이 넓어요, 메뉴 구성이 알차요, 양이 많아요, 특별한 날 가기 좋아요, 음식이 빨리 나와요, 사진이 잘 나와요, 컨셉이 독특해요, 차분한 분위기에요, 친절해요, 집중하기 좋아요, 건강한 맛이에요, 대화하기 좋아요, 기본 안주가 좋아요"
후후세이지,일식,"특별한 메뉴가 있어요, 매장이 청결해요, 화장실이 깨끗해요, 혼술하기 좋아요, 재료가 신선해요, 인테리어가 멋져요, 아늑해요, 음악이 좋아요, 술이 다양해요, 가성비가 좋아요, 오래 머무르기 좋아요, 음식이 맛있어요, 혼밥하기 좋아요, 메뉴 구성이 알차요, 양이 많아요, 사진이 잘 나와요, 컨셉이 독특해요, 친절해요, 대화하기 좋아요, 기본 안주가 좋아요"
야키니쿠세이지 연신내점,일식,"특별한 메뉴가 있어요, 매장이 청결해요, 고기 질이 좋아요, 화장실이 깨끗해요, 혼술하기 좋아요, 단체모임 하기 좋아요, 재료가 신선해요, 뷰가 좋아요, 인테리어가 멋져요, 아늑해요, 현지 맛에 가까워요, 음악이 좋아요, 잡내가 적어요, 술이 다양해요, 가성비가 좋아요, 음식이 맛있어요, 매장이 넓어요, 혼밥하기 좋아요, 양이 많아요, 메뉴 구성이 알차요, 특별한 날 가기 좋아요, 음식이 빨리 나와요, 사진이 잘 나와요, 컨셉이 독특해요, 차분한 분위기에요, 친절해요, 반찬이 잘 나와요, 대화하기 좋아요"
소금집델리 망원,양식,"특별한 메뉴가 있어요, 매장이 청결해요, 화장실이 깨끗해요, 고기 질이 좋아요, 단체모임 하기 좋아요, 재료가 신선해요, 비싼 만큼 가치있어요, 뷰가 좋아요, 인테리어가 멋져요, 아늑해요, 현지 맛에 가까워요, 포장이 깔끔해요, 음악이 좋아요, 잡내가 적어요, 가성비가 좋아요, 음식이 맛있어요, 매장이 넓어요, 혼밥하기 좋아요, 양이 많아요, 특별한 날 가기 좋아요, 음식이 빨리 나와요, 컨셉이 독특해요, 친절해요, 건강한 맛이에요, 대화하기 좋아요"
소금집델리 센터필드점,양식,"특별한 메뉴가 있어요, 음식이 빨리 나와요, 가성비가 좋아요, 커피가 맛있어요, 음식이 맛있어요, 화장실이 깨끗해요, 주차하기 편해요, 친절해요, 매장이 넓어요, 혼밥하기 좋아요, 메뉴 구성이 알차요, 양이 많아요, 재료가 신선해요, 건강한 맛이에요, 야외공간이 멋져요, 비싼 만큼 가치있어요, 뷰가 좋아요, 인테리어가 멋져요"
소금집델리 스타필드 수원,양식,"반려동물과 가기 좋아요, 특별한 메뉴가 있어요, 매장이 청결해요, 고기 질이 좋아요, 디저트가 맛있어요, 화장실이 깨끗해요, 룸이 잘 되어있어요, 재료가 신선해요, 비싼 만큼 가치있어요, 인테리어가 멋져요, 아늑해요, 현지 맛에 가까워요, 포장이 깔끔해요, 음료가 맛있어요, 잡내가 적어요, 아이와 가기 좋아요, 가성비가 좋아요, 음식이 맛있어요, 매장이 넓어요, 혼밥하기 좋아요, 양이 많아요, 메뉴 구성이 알차요, 특별한 날 가기 좋아요, 음식이 빨리 나와요, 사진이 잘 나와요, 커피가 맛있어요, 차분한 분위기에요, 컨셉이 독특해요, 친절해요, 주차하기 편해요, 건강한 맛이에요, 대화하기 좋아요"
소금집델리 안국,양식,"특별한 메뉴가 있어요, 매장이 청결해요, 고기 질이 좋아요, 화장실이 깨끗해요, 단체모임 하기 좋아요, 재료가 신선해요, 비싼 만큼 가치있어요, 뷰가 좋아요, 인테리어가 멋져요, 아늑해요, 현지 맛에 가까워요, 포장이 깔끔해요, 음악이 좋아요, 잡내가 적어요, 가성비가 좋아요, 음식이 맛있어요, 매장이 넓어요, 혼밥하기 좋아요, 메뉴 구성이 알차요, 양이 많아요, 특별한 날 가기 좋아요, 음식이 빨리 나와요, 사진이 잘 나와요, 컨셉이 독특해요, 차분한 분위기에요, 친절해요, 주차하기 편해요, 건강한 맛이에요, 대화하기 좋아요"
소금집델리 현대백화점 무역센터점,양식,"특별한 메뉴가 있어요, 음식이 맛있어요, 친절해요, 포장이 깔끔해요, 혼밥하기 좋아요, 재료가 신선해요, 건강한 맛이에요, 비싼 만큼 가치있어요"
을지로보석,기타,"특별한 메뉴가 있어요, 매장이 청결해요, 화장실이 깨끗해요, 혼술하기 좋아요, 비싼 만큼 가치있어요, 인테리어가 멋져요, 아늑해요, 음악이 좋아요, 술이 다양해요, 가성비가 좋아요, 음식이 맛있어요, 메뉴 구성이 알차요, 양이 많아요, 특별한 날 가기 좋아요, 음식이 빨리 나와요, 코스요리가 알차요, 차분한 분위기에요, 친절해요, 건강한 맛이에요, 대화하기 좋아요, 기본 안주가 좋아요"
아오이토리,양식,"좌석이 편해요, 특별한 메뉴가 있어요, 디저트가 맛있어요, 매장이 청결해요, 화장실이 깨끗해요, 재료가 신선해요, 비싼 만큼 가치있어요, 뷰가 좋아요, 인테리어가 멋져요, 아늑해요, 빵이 맛있어요, 음료가 맛있어요, 가성비가 좋아요, 음식이 맛있어요, 혼밥하기 좋아요, 메뉴 구성이 알차요, 커피가 맛있어요, 사진이 잘 나와요, 차분한 분위기에요, 컨셉이 독특해요, 친절해요, 주차하기 편해요, 집중하기 좋아요, 종류가 다양해요, 건강한 맛이에요, 대화하기 좋아요"
잭잭,양식,"좌석이 편해요, 반려동물과 가기 좋아요, 특별한 메뉴가 있어요, 매장이 청결해요, 고기 질이 좋아요, 화장실이 깨끗해요, 단체모임 하기 좋아요, 재료가 신선해요, 비싼 만큼 가치있어요, 뷰가 좋아요, 인테리어가 멋져요, 아늑해요, 현지 맛에 가까워요, 음악이 좋아요, 가성비가 좋아요, 직접 잘 구워줘요, 음식이 맛있어요, 매장이 넓어요, 혼밥하기 좋아요, 양이 많아요, 메뉴 구성이 알차요, 특별한 날 가기 좋아요, 음식이 빨리 나와요, 사진이 잘 나와요, 컨셉이 독특해요, 친절해요, 건강한 맛이에요, 반찬이 잘 나와요, 대화하기 좋아요"
엄마밥상,한식,"특별한 메뉴가 있어요, 매장이 청결해요, 화장실이 깨끗해요, 룸이 잘 되어있어요, 단체모임 하기 좋아요, 재료가 신선해요, 비싼 만큼 가치있어요, 뷰가 좋아요, 인테리어가 멋져요, 아늑해요, 아이와 가기 좋아요, 가성비가 좋아요, 음식이 맛있어요, 매장이 넓어요, 혼밥하기 좋아요, 양이 많아요, 메뉴 구성이 알차요, 특별한 날 가기 좋아요, 음식이 빨리 나와요, 코스요리가 알차요, 차분한 분위기에요, 친절해요, 주차하기 편해요, 건강한 맛이에요, 반찬이 잘 나와요"
엄마밥상 다사세천점,한식,"특별한 메뉴가 있어요, 매장이 청결해요, 화장실이 깨끗해요, 룸이 잘 되어있어요, 단체모임 하기 좋아요, 재료가 신선해요, 야외공간이 멋져요, 뷰가 좋아요, 인테리어가 멋져요, 아늑해요, 아이와 가기 좋아요, 가성비가 좋아요, 음식이 맛있어요, 매장이 넓어요, 혼밥하기 좋아요, 양이 많아요, 메뉴 구성이 알차요, 특별한 날 가기 좋아요, 음식이 빨리 나와요, 차분한 분위기에요, 친절해요, 주차하기 편해요, 건강한 맛이에요, 반찬이 잘 나와요"
엄마밥상 침산동점,한식,"좌석이 편해요, 특별한 메뉴가 있어요, 매장이 청결해요, 화장실이 깨끗해요, 단체모임 하기 좋아요, 재료가 신선해요, 비싼 만큼 가치있어요, 뷰가 좋아요, 인테리어가 멋져요, 아늑해요, 음악이 좋아요, 음료가 맛있어요, 가성비가 좋아요, 음식이 맛있어요, 매장이 넓어요, 혼밥하기 좋아요, 양이 많아요, 메뉴 구성이 알차요, 특별한 날 가기 좋아요, 음식이 빨리 나와요, 커피가 맛있어요, 코스요리가 알차요, 차분한 분위기에요, 친절해요, 주차하기 편해요, 건강한 맛이에요, 반찬이 잘 나와요, 대화하기 좋아요"
도량,중식,"반려동물과 가기 좋아요, 특별한 메뉴가 있어요, 향신료가 강하지 않아요, 매장이 청결해요, 디저트가 맛있어요, 고기 질이 좋아요, 화장실이 깨끗해요, 룸이 잘 되어있어요, 단체모임 하기 좋아요, 재료가 신선해요, 야외공간이 멋져요, 비싼 만큼 가치있어요, 뷰가 좋아요, 인테리어가 멋져요, 아늑해요, 음료가 맛있어요, 아이와 가기 좋아요, 가성비가 좋아요, 음식이 맛있어요, 매장이 넓어요, 혼밥하기 좋아요, 양이 많아요, 메뉴 구성이 알차요, 특별한 날 가기 좋아요, 커피가 맛있어요, 사진이 잘 나와요, 코스요리가 알차요, 차분한 분위기에요, 컨셉이 독특해요, 친절해요, 주차하기 편해요, 집중하기 좋아요, 건강한 맛이에요, 대화하기 좋아요"
미트컬쳐,양식,"특별한 메뉴가 있어요, 향신료가 강하지 않아요, 디저트가 맛있어요, 매장이 청결해요, 고기 질이 좋아요, 화장실이 깨끗해요, 단체모임 하기 좋아요, 재료가 신선해요, 비싼 만큼 가치있어요, 뷰가 좋아요, 인테리어가 멋져요, 아늑해요, 현지 맛에 가까워요, 잡내가 적어요, 술이 다양해요, 아이와 가기 좋아요, 가성비가 좋아요, 음식이 맛있어요, 매장이 넓어요, 혼밥하기 좋아요, 메뉴 구성이 알차요, 양이 많아요, 특별한 날 가기 좋아요, 음식이 빨리 나와요, 사진이 잘 나와요, 컨셉이 독특해요, 차분한 분위기에요, 친절해요, 주차하기 편해요, 건강한 맛이에요, 대화하기 좋아요"
미미옥 강남 신논현점,일식,"좌석이 편해요, 특별한 메뉴가 있어요, 매장이 청결해요, 고기 질이 좋아요, 화장실이 깨끗해요, 단체모임 하기 좋아요, 재료가 신선해요, 비싼 만큼 가치있어요, 인테리어가 멋져요, 아늑해요, 술이 다양해요, 가성비가 좋아요, 음식이 맛있어요, 매장이 넓어요, 혼밥하기 좋아요, 메뉴 구성이 알차요, 양이 많아요, 특별한 날 가기 좋아요, 음식이 빨리 나와요, 차분한 분위기에요, 친절해요, 건강한 맛이에요, 반찬이 잘 나와요, 대화하기 좋아요"
미미옥 신용산점,일식,"좌석이 편해요, 특별한 메뉴가 있어요, 향신료가 강하지 않아요, 매장이 청결해요, 고기 질이 좋아요, 화장실이 깨끗해요, 단체모임 하기 좋아요, 재료가 신선해요, 비싼 만큼 가치있어요, 뷰가 좋아요, 인테리어가 멋져요, 아늑해요, 잡내가 적어요, 술이 다양해요, 가성비가 좋아요, 오래 머무르기 좋아요, 음식이 맛있어요, 매장이 넓어요, 혼밥하기 좋아요, 양이 많아요, 메뉴 구성이 알차요, 특별한 날 가기 좋아요, 음식이 빨리 나와요, 사진이 잘 나와요, 코스요리가 알차요, 컨셉이 독특해요, 차분한 분위기에요, 친절해요, 주차하기 편해요, 건강한 맛이에요, 반찬이 잘 나와요, 대화하기 좋아요"
미미옥 울산점,기타,"반려동물과 가기 좋아요, 특별한 메뉴가 있어요, 매장이 청결해요, 화장실이 깨끗해요, 단체모임 하기 좋아요, 재료가 신선해요, 뷰가 좋아요, 인테리어가 멋져요, 술이 다양해요, 가성비가 좋아요, 음식이 맛있어요, 매장이 넓어요, 혼밥하기 좋아요, 양이 많아요, 특별한 날 가기 좋아요, 커피가 맛있어요, 음식이 빨리 나와요, 코스요리가 알차요, 차분한 분위기에요, 친절해요, 주차하기 편해요, 집중하기 좋아요, 건강한 맛이에요"
버거보이 성수낙낙점,양식,"좌석이 편해요, 반려동물과 가기 좋아요, 특별한 메뉴가 있어요, 매장이 청결해요, 고기 질이 좋아요, 화장실이 깨끗해요, 단체모임 하기 좋아요, 재료가 신선해요, 야외공간이 멋져요, 비싼 만큼 가치있어요, 뷰가 좋아요, 인테리어가 멋져요, 아늑해요, 음악이 좋아요, 음료가 맛있어요, 아이와 가기 좋아요, 가성비가 좋아요, 오래 머무르기 좋아요, 음식이 맛있어요, 매장이 넓어요, 혼밥하기 좋아요, 양이 많아요, 메뉴 구성이 알차요, 특별한 날 가기 좋아요, 음식이 빨리 나와요, 사진이 잘 나와요, 컨셉이 독특해요, 친절해요, 주차하기 편해요, 건강한 맛이에요, 반찬이 잘 나와요, 대화하기 좋아요"
쇼니노,양식,"좌석이 편해요, 반려동물과 가기 좋아요, 특별한 메뉴가 있어요, 디저트가 맛있어요, 매장이 청결해요, 고기 질이 좋아요, 혼술하기 좋아요, 화장실이 깨끗해요, 단체모임 하기 좋아요, 재료가 신선해요, 야외공간이 멋져요, 비싼 만큼 가치있어요, 뷰가 좋아요, 인테리어가 멋져요, 아늑해요, 현지 맛에 가까워요, 음악이 좋아요, 음료가 맛있어요, 술이 다양해요, 오래 머무르기 좋아요, 가성비가 좋아요, 직접 잘 구워줘요, 음식이 맛있어요, 매장이 넓어요, 혼밥하기 좋아요, 메뉴 구성이 알차요, 양이 많아요, 특별한 날 가기 좋아요, 커피가 맛있어요, 사진이 잘 나와요, 코스요리가 알차요, 컨셉이 독특해요, 차분한 분위기에요, 음식이 빨리 나와요, 친절해요, 주차하기 편해요, 건강한 맛이에요, 대화하기 좋아요"
라까예,양식,"좌석이 편해요, 특별한 메뉴가 있어요, 향신료가 강하지 않아요, 매장이 청결해요, 화장실이 깨끗해요, 고기 질이 좋아요, 단체모임 하기 좋아요, 재료가 신선해요, 야외공간이 멋져요, 비싼 만큼 가치있어요, 인테리어가 멋져요, 아늑해요, 현지 맛에 가까워요, 음악이 좋아요, 음료가 맛있어요, 잡내가 적어요, 술이 다양해요, 가성비가 좋아요, 직접 잘 구워줘요, 음식이 맛있어요, 매장이 넓어요, 혼밥하기 좋아요, 양이 많아요, 메뉴 구성이 알차요, 특별한 날 가기 좋아요, 음식이 빨리 나와요, 사진이 잘 나와요, 컨셉이 독특해요, 차분한 분위기에요, 친절해요, 주차하기 편해요, 건강한 맛이에요, 대화하기 좋아요"
에스콘디도,양식,"특별한 날 가기 좋아요, 술이 다양해요, 특별한 메뉴가 있어요, 가성비가 좋아요, 코스요리가 알차요, 컨셉이 독특해요, 음식이 맛있어요, 혼술하기 좋아요, 친절해요, 메뉴 구성이 알차요, 재료가 신선해요, 비싼 만큼 가치있어요, 인테리어가 멋져요"
엘몰리노,양식,"특별한 메뉴가 있어요, 디저트가 맛있어요, 화장실이 깨끗해요, 매장이 청결해요, 단체모임 하기 좋아요, 재료가 신선해요, 뷰가 좋아요, 인테리어가 멋져요, 아늑해요, 현지 맛에 가까워요, 음료가 맛있어요, 가성비가 좋아요, 음식이 맛있어요, 매장이 넓어요, 혼밥하기 좋아요, 양이 많아요, 특별한 날 가기 좋아요, 사진이 잘 나와요, 코스요리가 알차요, 차분한 분위기에요, 컨셉이 독특해요, 친절해요, 대화하기 좋아요"
문쥬스,양식,"좌석이 편해요, 반려동물과 가기 좋아요, 특별한 메뉴가 있어요, 향신료가 강하지 않아요, 매장이 청결해요, 디저트가 맛있어요, 고기 질이 좋아요, 혼술하기 좋아요, 단체모임 하기 좋아요, 재료가 신선해요, 야외공간이 멋져요, 비싼 만큼 가치있어요, 뷰가 좋아요, 인테리어가 멋져요, 아늑해요, 현지 맛에 가까워요, 음악이 좋아요, 음료가 맛있어요, 잡내가 적어요, 술이 다양해요, 아이와 가기 좋아요, 가성비가 좋아요, 오래 머무르기 좋아요, 직접 잘 구워줘요, 음식이 맛있어요, 매장이 넓어요, 혼밥하기 좋아요, 메뉴 구성이 알차요, 양이 많아요, 특별한 날 가기 좋아요, 음식이 빨리 나와요, 사진이 잘 나와요, 코스요리가 알차요, 차분한 분위기에요, 컨셉이 독특해요, 커피가 맛있어요, 친절해요, 건강한 맛이에요, 반찬이 잘 나와요, 대화하기 좋아요, 기본 안주가 좋아요"
와일드플라워,기타,"좌석이 편해요, 반려동물과 가기 좋아요, 특별한 메뉴가 있어요, 향신료가 강하지 않아요, 매장이 청결해요, 디저트가 맛있어요, 고기 질이 좋아요, 화장실이 깨끗해요, 단체모임 하기 좋아요, 재료가 신선해요, 환기가 잘 돼요, 야외공간이 멋져요, 비싼 만큼 가치있어요, 뷰가 좋아요, 인테리어가 멋져요, 아늑해요, 현지 맛에 가까워요, 음악이 좋아요, 음료가 맛있어요, 잡내가 적어요, 술이 다양해요, 가성비가 좋아요, 직접 잘 구워줘요, 음식이 맛있어요, 매장이 넓어요, 혼밥하기 좋아요, 양이 많아요, 메뉴 구성이 알차요, 특별한 날 가기 좋아요, 음식이 빨리 나와요, 사진이 잘 나와요, 코스요리가 알차요, 차분한 분위기에요, 컨셉이 독특해요, 친절해요, 주차하기 편해요, 건강한 맛이에요, 반찬이 잘 나와요, 대화하기 좋아요"
나우 남영,양식,"좌석이 편해요, 반려동물과 가기 좋아요, 특별한 메뉴가 있어요, 매장이 청결해요, 화장실이 깨끗해요, 고기 질이 좋아요, 혼술하기 좋아요, 룸이 잘 되어있어요, 단체모임 하기 좋아요, 재료가 신선해요, 비싼 만큼 가치있어요, 뷰가 좋아요, 인테리어가 멋져요, 아늑해요, 음악이 좋아요, 술이 다양해요, 가성비가 좋아요, 오래 머무르기 좋아요, 음식이 맛있어요, 매장이 넓어요, 혼밥하기 좋아요, 메뉴 구성이 알차요, 양이 많아요, 특별한 날 가기 좋아요, 사진이 잘 나와요, 코스요리가 알차요, 차분한 분위기에요, 컨셉이 독특해요, 친절해요, 집중하기 좋아요, 건강한 맛이에요, 대화하기 좋아요"
팟카파우,기타,"특별한 메뉴가 있어요, 향신료가 강하지 않아요, 매장이 청결해요, 화장실이 깨끗해요, 단체모임 하기 좋아요, 재료가 신선해요, 비싼 만큼 가치있어요, 뷰가 좋아요, 인테리어가 멋져요, 아늑해요, 현지 맛에 가까워요, 가성비가 좋아요, 음식이 맛있어요, 매장이 넓어요, 혼밥하기 좋아요, 양이 많아요, 메뉴 구성이 알차요, 특별한 날 가기 좋아요, 음식이 빨리 나와요, 차분한 분위기에요, 친절해요"
아타리,일식,"특별한 메뉴가 있어요, 매장이 청결해요, 고기 질이 좋아요, 단체모임 하기 좋아요, 재료가 신선해요, 비싼 만큼 가치있어요, 인테리어가 멋져요, 아늑해요, 현지 맛에 가까워요, 술이 다양해요, 가성비가 좋아요, 직접 잘 구워줘요, 음식이 맛있어요, 매장이 넓어요, 혼밥하기 좋아요, 양이 많아요, 메뉴 구성이 알차요, 특별한 날 가기 좋아요, 코스요리가 알차요, 차분한 분위기에요, 컨셉이 독특해요, 친절해요, 대화하기 좋아요"
야키토리 코치,일식,"특별한 메뉴가 있어요, 향신료가 강하지 않아요, 매장이 청결해요, 화장실이 깨끗해요, 고기 질이 좋아요, 혼술하기 좋아요, 룸이 잘 되어있어요, 단체모임 하기 좋아요, 재료가 신선해요, 환기가 잘 돼요, 비싼 만큼 가치있어요, 뷰가 좋아요, 인테리어가 멋져요, 아늑해요, 현지 맛에 가까워요, 음악이 좋아요, 음료가 맛있어요, 잡내가 적어요, 술이 다양해요, 가성비가 좋아요, 직접 잘 구워줘요, 음식이 맛있어요, 매장이 넓어요, 혼밥하기 좋아요, 양이 많아요, 메뉴 구성이 알차요, 특별한 날 가기 좋아요, 커피가 맛있어요, 사진이 잘 나와요, 코스요리가 알차요, 차분한 분위기에요, 컨셉이 독특해요, 음식이 빨리 나와요, 친절해요, 대화하기 좋아요, 기본 안주가 좋아요"
야키토리혼바,일식,"특별한 메뉴가 있어요, 매장이 청결해요, 고기 질이 좋아요, 화장실이 깨끗해요, 혼술하기 좋아요, 단체모임 하기 좋아요, 재료가 신선해요, 환기가 잘 돼요, 비싼 만큼 가치있어요, 뷰가 좋아요, 인테리어가 멋져요, 아늑해요, 술이 다양해요, 가성비가 좋아요, 음식이 맛있어요, 혼밥하기 좋아요, 메뉴 구성이 알차요, 양이 많아요, 특별한 날 가기 좋아요, 코스요리가 알차요, 차분한 분위기에요, 친절해요, 건강한 맛이에요, 대화하기 좋아요"
코치,일식,"특별한 메뉴가 있어요, 매장이 청결해요, 화장실이 깨끗해요, 단체모임 하기 좋아요, 재료가 신선해요, 환기가 잘 돼요, 비싼 만큼 가치있어요, 뷰가 좋아요, 인테리어가 멋져요, 아늑해요, 현지 맛에 가까워요, 음악이 좋아요, 술이 다양해요, 가성비가 좋아요, 직접 잘 구워줘요, 음식이 맛있어요, 혼밥하기 좋아요, 양이 많아요, 메뉴 구성이 알차요, 특별한 날 가기 좋아요, 음식이 빨리 나와요, 코스요리가 알차요, 차분한 분위기에요, 컨셉이 독특해요, 친절해요, 건강한 맛이에요, 대화하기 좋아요, 기본 안주가 좋아요"
트리드,양식,"특별한 날 가기 좋아요, 특별한 메뉴가 있어요, 가성비가 좋아요, 코스요리가 알차요, 매장이 청결해요, 음식이 맛있어요, 고기 질이 좋아요, 화장실이 깨끗해요, 친절해요, 주차하기 편해요, 단체모임 하기 좋아요, 혼밥하기 좋아요, 양이 많아요, 재료가 신선해요, 비싼 만큼 가치있어요, 뷰가 좋아요, 대화하기 좋아요, 인테리어가 멋져요"
포그,양식,"반려동물과 가기 좋아요, 특별한 메뉴가 있어요, 향신료가 강하지 않아요, 매장이 청결해요, 고기 질이 좋아요, 화장실이 깨끗해요, 재료가 신선해요, 환기가 잘 돼요, 야외공간이 멋져요, 비싼 만큼 가치있어요, 뷰가 좋아요, 인테리어가 멋져요, 아늑해요, 음악이 좋아요, 가성비가 좋아요, 직접 잘 구워줘요, 음식이 맛있어요, 매장이 넓어요, 혼밥하기 좋아요, 메뉴 구성이 알차요, 양이 많아요, 특별한 날 가기 좋아요, 음식이 빨리 나와요, 사진이 잘 나와요, 차분한 분위기에요, 컨셉이 독특해요, 친절해요, 건강한 맛이에요, 대화하기 좋아요, 기본 안주가 좋아요"
이야이야앤프렌즈,양식,"반려동물과 가기 좋아요, 특별한 메뉴가 있어요, 디저트가 맛있어요, 매장이 청결해요, 화장실이 깨끗해요, 룸이 잘 되어있어요, 단체모임 하기 좋아요, 재료가 신선해요, 야외공간이 멋져요, 뷰가 좋아요, 인테리어가 멋져요, 아늑해요, 빵이 맛있어요, 음악이 좋아요, 음료가 맛있어요, 오래 머무르기 좋아요, 가성비가 좋아요, 직접 잘 구워줘요, 음식이 맛있어요, 매장이 넓어요, 혼밥하기 좋아요, 메뉴 구성이 알차요, 양이 많아요, 특별한 날 가기 좋아요, 커피가 맛있어요, 사진이 잘 나와요, 컨셉이 독특해요, 차분한 분위기에요, 친절해요, 주차하기 편해요, 집중하기 좋아요, 종류가 다양해요, 건강한 맛이에요, 대화하기 좋아요"
사브서울,양식,"특별한 메뉴가 있어요, 매장이 청결해요, 화장실이 깨끗해요, 혼술하기 좋아요, 룸이 잘 되어있어요, 단체모임 하기 좋아요, 비싼 만큼 가치있어요, 파티하기 좋아요, 인테리어가 멋져요, 아늑해요, 음악이 좋아요, 술이 다양해요, 오래 머무르기 좋아요, 가성비가 좋아요, 음식이 맛있어요, 매장이 넓어요, 메뉴 구성이 알차요, 특별한 날 가기 좋아요, 차분한 분위기에요, 친절해요, 주차하기 편해요, 대화하기 좋아요, 기본 안주가 좋아요"
더 시옷,양식,"특별한 메뉴가 있어요, 향신료가 강하지 않아요, 매장이 청결해요, 고기 질이 좋아요, 화장실이 깨끗해요, 디저트가 맛있어요, 단체모임 하기 좋아요, 재료가 신선해요, 비싼 만큼 가치있어요, 뷰가 좋아요, 인테리어가 멋져요, 아늑해요, 음악이 좋아요, 가성비가 좋아요, 음식이 맛있어요, 매장이 넓어요, 양이 많아요, 메뉴 구성이 알차요, 특별한 날 가기 좋아요, 음식이 빨리 나와요, 코스요리가 알차요, 차분한 분위기에요, 컨셉이 독특해요, 친절해요, 건강한 맛이에요, 대화하기 좋아요"
이도 용산,한식,"특별한 메뉴가 있어요, 매장이 청결해요, 고기 질이 좋아요, 혼술하기 좋아요, 단체모임 하기 좋아요, 재료가 신선해요, 비싼 만큼 가치있어요, 뷰가 좋아요, 인테리어가 멋져요, 아늑해요, 음악이 좋아요, 술이 다양해요, 가성비가 좋아요, 음식이 맛있어요, 매장이 넓어요, 혼밥하기 좋아요, 메뉴 구성이 알차요, 양이 많아요, 특별한 날 가기 좋아요, 음식이 빨리 나와요, 사진이 잘 나와요, 차분한 분위기에요, 컨셉이 독특해요, 친절해요, 주차하기 편해요, 건강한 맛이에요, 대화하기 좋아요, 기본 안주가 좋아요"
장화,일식,"특별한 메뉴가 있어요, 매장이 청결해요, 디저트가 맛있어요, 화장실이 깨끗해요, 혼술하기 좋아요, 단체모임 하기 좋아요, 재료가 신선해요, 비싼 만큼 가치있어요, 인테리어가 멋져요, 술이 다양해요, 가성비가 좋아요, 음식이 맛있어요, 매장이 넓어요, 메뉴 구성이 알차요, 사진이 잘 나와요, 차분한 분위기에요, 친절해요, 주차하기 편해요, 대화하기 좋아요, 기본 안주가 좋아요"
제이드앤워터,양식,"반려동물과 가기 좋아요, 특별한 메뉴가 있어요, 매장이 청결해요, 화장실이 깨끗해요, 디저트가 맛있어요, 혼술하기 좋아요, 단체모임 하기 좋아요, 재료가 신선해요, 비싼 만큼 가치있어요, 뷰가 좋아요, 인테리어가 멋져요, 아늑해요, 음악이 좋아요, 술이 다양해요, 가성비가 좋아요, 오래 머무르기 좋아요, 음식이 맛있어요, 매장이 넓어요, 혼밥하기 좋아요, 메뉴 구성이 알차요, 양이 많아요, 특별한 날 가기 좋아요, 커피가 맛있어요, 사진이 잘 나와요, 음식이 빨리 나와요, 차분한 분위기에요, 코스요리가 알차요, 컨셉이 독특해요, 친절해요, 주차하기 편해요, 건강한 맛이에요, 대화하기 좋아요, 기본 안주가 좋아요"
포노 부오노,양식,"특별한 날 가기 좋아요, 특별한 메뉴가 있어요, 가성비가 좋아요, 컨셉이 독특해요, 음식이 맛있어요, 화장실이 깨끗해요, 매장이 청결해요, 친절해요, 단체모임 하기 좋아요, 매장이 넓어요, 메뉴 구성이 알차요, 양이 많아요, 재료가 신선해요, 대화하기 좋아요, 인테리어가 멋져요"
넘은 봄,한식,"특별한 메뉴가 있어요, 매장이 청결해요, 화장실이 깨끗해요, 단체모임 하기 좋아요, 재료가 신선해요, 비싼 만큼 가치있어요, 뷰가 좋아요, 인테리어가 멋져요, 현지 맛에 가까워요, 술이 다양해요, 가성비가 좋아요, 음식이 맛있어요, 혼밥하기 좋아요, 특별한 날 가기 좋아요, 사진이 잘 나와요, 컨셉이 독특해요, 친절해요, 주차하기 편해요, 건강한 맛이에요, 대화하기 좋아요"
면서울,한식,"특별한 메뉴가 있어요, 향신료가 강하지 않아요, 매장이 청결해요, 고기 질이 좋아요, 화장실이 깨끗해요, 단체모임 하기 좋아요, 재료가 신선해요, 비싼 만큼 가치있어요, 인테리어가 멋져요, 아늑해요, 음악이 좋아요, 잡내가 적어요, 술이 다양해요, 가성비가 좋아요, 음식이 맛있어요, 매장이 넓어요, 혼밥하기 좋아요, 메뉴 구성이 알차요, 양이 많아요, 특별한 날 가기 좋아요, 음식이 빨리 나와요, 컨셉이 독특해요, 차분한 분위기에요, 친절해요, 주차하기 편해요, 건강한 맛이에요, 반찬이 잘 나와요, 대화하기 좋아요"
윤서울,한식,"특별한 날 가기 좋아요, 특별한 메뉴가 있어요, 가성비가 좋아요, 매장이 청결해요, 음식이 맛있어요, 화장실이 깨끗해요, 친절해요, 혼밥하기 좋아요, 양이 많아요, 재료가 신선해요, 인테리어가 멋져요"
모리노아루요,일식,"특별한 메뉴가 있어요, 매장이 청결해요, 화장실이 깨끗해요, 재료가 신선해요, 비싼 만큼 가치있어요, 뷰가 좋아요, 인테리어가 멋져요, 아늑해요, 가성비가 좋아요, 음식이 맛있어요, 매장이 넓어요, 혼밥하기 좋아요, 메뉴 구성이 알차요, 양이 많아요, 특별한 날 가기 좋아요, 음식이 빨리 나와요, 컨셉이 독특해요, 차분한 분위기에요, 친절해요, 주차하기 편해요, 건강한 맛이에요"
그린볼,양식,"반려동물과 가기 좋아요, 특별한 메뉴가 있어요, 매장이 청결해요, 화장실이 깨끗해요, 고기 질이 좋아요, 디저트가 맛있어요, 재료가 신선해요, 비싼 만큼 가치있어요, 인테리어가 멋져요, 아늑해요, 현지 맛에 가까워요, 가성비가 좋아요, 음식이 맛있어요, 매장이 넓어요, 혼밥하기 좋아요, 메뉴 구성이 알차요, 양이 많아요, 특별한 날 가기 좋아요, 음식이 빨리 나와요, 차분한 분위기에요, 친절해요, 건강한 맛이에요, 대화하기 좋아요"
로컬릿,양식,"좌석이 편해요, 특별한 메뉴가 있어요, 향신료가 강하지 않아요, 매장이 청결해요, 화장실이 깨끗해요, 디저트가 맛있어요, 단체모임 하기 좋아요, 재료가 신선해요, 비싼 만큼 가치있어요, 뷰가 좋아요, 인테리어가 멋져요, 아늑해요, 잡내가 적어요, 아이와 가기 좋아요, 가성비가 좋아요, 오래 머무르기 좋아요, 음식이 맛있어요, 매장이 넓어요, 혼밥하기 좋아요, 양이 많아요, 메뉴 구성이 알차요, 특별한 날 가기 좋아요, 음식이 빨리 나와요, 사진이 잘 나와요, 차분한 분위기에요, 컨셉이 독특해요, 친절해요, 주차하기 편해요, 건강한 맛이에요, 대화하기 좋아요, 기본 안주가 좋아요"
오쁘띠베르,양식,"좌석이 편해요, 특별한 메뉴가 있어요, 디저트가 맛있어요, 매장이 청결해요, 화장실이 깨끗해요, 룸이 잘 되어있어요, 야외공간이 멋져요, 비싼 만큼 가치있어요, 뷰가 좋아요, 인테리어가 멋져요, 아늑해요, 빵이 맛있어요, 음악이 좋아요, 음료가 맛있어요, 술이 다양해요, 가성비가 좋아요, 음식이 맛있어요, 매장이 넓어요, 메뉴 구성이 알차요, 커피가 맛있어요, 사진이 잘 나와요, 선물하기 좋아요, 차분한 분위기에요, 친절해요, 주차하기 편해요, 집중하기 좋아요, 종류가 다양해요, 건강한 맛이에요, 대화하기 좋아요"
깃든,한식,"좌석이 편해요, 반려동물과 가기 좋아요, 특별한 메뉴가 있어요, 매장이 청결해요, 고기 질이 좋아요, 화장실이 깨끗해요, 단체모임 하기 좋아요, 재료가 신선해요, 야외공간이 멋져요, 비싼 만큼 가치있어요, 뷰가 좋아요, 인테리어가 멋져요, 아늑해요, 잡내가 적어요, 아이와 가기 좋아요, 가성비가 좋아요, 오래 머무르기 좋아요, 직접 잘 구워줘요, 음식이 맛있어요, 매장이 넓어요, 혼밥하기 좋아요, 메뉴 구성이 알차요, 양이 많아요, 특별한 날 가기 좋아요, 음식이 빨리 나와요, 사진이 잘 나와요, 코스요리가 알차요, 차분한 분위기에요, 컨셉이 독특해요, 친절해요, 주차하기 편해요, 건강한 맛이에요, 반찬이 잘 나와요"
비채나,한식,"특별한 메뉴가 있어요, 매장이 청결해요, 화장실이 깨끗해요, 디저트가 맛있어요, 고기 질이 좋아요, 룸이 잘 되어있어요, 단체모임 하기 좋아요, 재료가 신선해요, 야외공간이 멋져요, 비싼 만큼 가치있어요, 뷰가 좋아요, 인테리어가 멋져요, 아늑해요, 술이 다양해요, 아이와 가기 좋아요, 가성비가 좋아요, 음식이 맛있어요, 매장이 넓어요, 혼밥하기 좋아요, 양이 많아요, 메뉴 구성이 알차요, 특별한 날 가기 좋아요, 음식이 빨리 나와요, 코스요리가 알차요, 차분한 분위기에요, 친절해요, 주차하기 편해요, 건강한 맛이에요, 반찬이 잘 나와요, 대화하기 좋아요"
가매일식,일식,"특별한 메뉴가 있어요, 매장이 청결해요, 화장실이 깨끗해요, 룸이 잘 되어있어요, 단체모임 하기 좋아요, 재료가 신선해요, 비싼 만큼 가치있어요, 인테리어가 멋져요, 아늑해요, 가성비가 좋아요, 음식이 맛있어요, 매장이 넓어요, 양이 많아요, 메뉴 구성이 알차요, 특별한 날 가기 좋아요, 차분한 분위기에요, 친절해요, 주차하기 편해요, 건강한 맛이에요, 대화하기 좋아요"
광주옥1947,한식,"특별한 메뉴가 있어요, 향신료가 강하지 않아요, 매장이 청결해요, 화장실이 깨끗해요, 고기 질이 좋아요, 단체모임 하기 좋아요, 재료가 신선해요, 비싼 만큼 가치있어요, 뷰가 좋아요, 인테리어가 멋져요, 아늑해요, 현지 맛에 가까워요, 포장이 깔끔해요, 잡내가 적어요, 가성비가 좋아요, 직접 잘 구워줘요, 음식이 맛있어요, 매장이 넓어요, 혼밥하기 좋아요, 양이 많아요, 메뉴 구성이 알차요, 특별한 날 가기 좋아요, 음식이 빨리 나와요, 사진이 잘 나와요, 차분한 분위기에요, 친절해요, 주차하기 편해요, 건강한 맛이에요, 반찬이 잘 나와요, 대화하기 좋아요"
장수나주곰탕,한식,"특별한 메뉴가 있어요, 매장이 청결해요, 화장실이 깨끗해요, 고기 질이 좋아요, 단체모임 하기 좋아요, 재료가 신선해요, 뷰가 좋아요, 인테리어가 멋져요, 아늑해요, 포장이 깔끔해요, 잡내가 적어요, 가성비가 좋아요, 음식이 맛있어요, 매장이 넓어요, 혼밥하기 좋아요, 양이 많아요, 메뉴 구성이 알차요, 음식이 빨리 나와요, 차분한 분위기에요, 친절해요, 주차하기 편해요, 건강한 맛이에요, 반찬이 잘 나와요"
블루샹하이,중식,"특별한 메뉴가 있어요, 매장이 청결해요, 고기 질이 좋아요, 화장실이 깨끗해요, 룸이 잘 되어있어요, 단체모임 하기 좋아요, 재료가 신선해요, 비싼 만큼 가치있어요, 뷰가 좋아요, 인테리어가 멋져요, 아늑해요, 잡내가 적어요, 아이와 가기 좋아요, 가성비가 좋아요, 음식이 맛있어요, 매장이 넓어요, 혼밥하기 좋아요, 양이 많아요, 메뉴 구성이 알차요, 특별한 날 가기 좋아요, 음식이 빨리 나와요, 사진이 잘 나와요, 코스요리가 알차요, 차분한 분위기에요, 친절해요, 주차하기 편해요, 건강한 맛이에요, 반찬이 잘 나와요, 대화하기 좋아요, 기본 안주가 좋아요"
블루샹하이 동탄점,중식,"좌석이 편해요, 특별한 메뉴가 있어요, 매장이 청결해요, 화장실이 깨끗해요, 고기 질이 좋아요, 룸이 잘 되어있어요, 단체모임 하기 좋아요, 재료가 신선해요, 비싼 만큼 가치있어요, 뷰가 좋아요, 인테리어가 멋져요, 아늑해요, 술이 다양해요, 아이와 가기 좋아요, 가성비가 좋아요, 음식이 맛있어요, 매장이 넓어요, 양이 많아요, 메뉴 구성이 알차요, 특별한 날 가기 좋아요, 음식이 빨리 나와요, 코스요리가 알차요, 차분한 분위기에요, 주차하기 편해요, 친절해요, 건강한 맛이에요, 반찬이 잘 나와요, 대화하기 좋아요"
홍보각,중식,"좌석이 편해요, 특별한 메뉴가 있어요, 향신료가 강하지 않아요, 매장이 청결해요, 단체모임 하기 좋아요, 재료가 신선해요, 비싼 만큼 가치있어요, 인테리어가 멋져요, 아늑해요, 잡내가 적어요, 음식이 맛있어요, 매장이 넓어요, 양이 많아요, 메뉴 구성이 알차요, 특별한 날 가기 좋아요, 코스요리가 알차요, 차분한 분위기에요, 친절해요, 주차하기 편해요, 건강한 맛이에요, 반찬이 잘 나와요, 대화하기 좋아요"
오팬파이어,양식,"특별한 메뉴가 있어요, 향신료가 강하지 않아요, 매장이 청결해요, 화장실이 깨끗해요, 고기 질이 좋아요, 룸이 잘 되어있어요, 단체모임 하기 좋아요, 재료가 신선해요, 야외공간이 멋져요, 비싼 만큼 가치있어요, 뷰가 좋아요, 인테리어가 멋져요, 아늑해요, 현지 맛에 가까워요, 잡내가 적어요, 아이와 가기 좋아요, 가성비가 좋아요, 음식이 맛있어요, 매장이 넓어요, 혼밥하기 좋아요, 양이 많아요, 특별한 날 가기 좋아요, 음식이 빨리 나와요, 사진이 잘 나와요, 차분한 분위기에요, 컨셉이 독특해요, 친절해요, 주차하기 편해요, 건강한 맛이에요, 반찬이 잘 나와요, 대화하기 좋아요"
오팬파이어 스타필드하남점,양식,"좌석이 편해요, 특별한 메뉴가 있어요, 향신료가 강하지 않아요, 매장이 청결해요, 화장실이 깨끗해요, 단체모임 하기 좋아요, 재료가 신선해요, 야외공간이 멋져요, 비싼 만큼 가치있어요, 뷰가 좋아요, 인테리어가 멋져요, 현지 맛에 가까워요, 잡내가 적어요, 가성비가 좋아요, 오래 머무르기 좋아요, 음식이 맛있어요, 매장이 넓어요, 혼밥하기 좋아요, 양이 많아요, 음식이 빨리 나와요, 주차하기 편해요, 친절해요, 건강한 맛이에요, 반찬이 잘 나와요"
친밀 제주,양식,"특별한 메뉴가 있어요, 매장이 청결해요, 화장실이 깨끗해요, 고기 질이 좋아요, 재료가 신선해요, 야외공간이 멋져요, 비싼 만큼 가치있어요, 뷰가 좋아요, 인테리어가 멋져요, 잡내가 적어요, 가성비가 좋아요, 음식이 맛있어요, 매장이 넓어요, 혼밥하기 좋아요, 양이 많아요, 메뉴 구성이 알차요, 특별한 날 가기 좋아요, 사진이 잘 나와요, 컨셉이 독특해요, 친절해요, 주차하기 편해요, 건강한 맛이에요, 대화하기 좋아요"
네기 실비,한식,"특별한 메뉴가 있어요, 향신료가 강하지 않아요, 매장이 청결해요, 화장실이 깨끗해요, 룸이 잘 되어있어요, 단체모임 하기 좋아요, 재료가 신선해요, 야외공간이 멋져요, 비싼 만큼 가치있어요, 뷰가 좋아요, 인테리어가 멋져요, 아늑해요, 가성비가 좋아요, 음식이 맛있어요, 매장이 넓어요, 양이 많아요, 메뉴 구성이 알차요, 특별한 날 가기 좋아요, 음식이 빨리 나와요, 차분한 분위기에요, 친절해요, 주차하기 편해요, 건강한 맛이에요, 대화하기 좋아요"
네기다이닝라운지,일식,"특별한 메뉴가 있어요, 매장이 청결해요, 화장실이 깨끗해요, 단체모임 하기 좋아요, 재료가 신선해요, 야외공간이 멋져요, 비싼 만큼 가치있어요, 뷰가 좋아요, 인테리어가 멋져요, 아늑해요, 음악이 좋아요, 가성비가 좋아요, 음식이 맛있어요, 매장이 넓어요, 혼밥하기 좋아요, 양이 많아요, 메뉴 구성이 알차요, 특별한 날 가기 좋아요, 사진이 잘 나와요, 컨셉이 독특해요, 차분한 분위기에요, 친절해요, 주차하기 편해요, 집중하기 좋아요, 대화하기 좋아요"
네기라이브,일식,"특별한 날 가기 좋아요, 아늑해요, 특별한 메뉴가 있어요, 코스요리가 알차요, 매장이 청결해요, 음식이 맛있어요, 화장실이 깨끗해요, 친절해요, 주차하기 편해요, 매장이 넓어요, 양이 많아요, 메뉴 구성이 알차요, 재료가 신선해요, 비싼 만큼 가치있어요, 뷰가 좋아요, 인테리어가 멋져요"
네기스키야키 압구정점,일식,"특별한 메뉴가 있어요, 디저트가 맛있어요, 고기 질이 좋아요, 매장이 청결해요, 화장실이 깨끗해요, 룸이 잘 되어있어요, 단체모임 하기 좋아요, 재료가 신선해요, 비싼 만큼 가치있어요, 인테리어가 멋져요, 아늑해요, 현지 맛에 가까워요, 가성비가 좋아요, 직접 잘 구워줘요, 음식이 맛있어요, 매장이 넓어요, 혼밥하기 좋아요, 양이 많아요, 메뉴 구성이 알차요, 특별한 날 가기 좋아요, 음식이 빨리 나와요, 차분한 분위기에요, 컨셉이 독특해요, 친절해요, 주차하기 편해요, 건강한 맛이에요, 반찬이 잘 나와요, 대화하기 좋아요"
네기우나기야,일식,"좌석이 편해요, 특별한 메뉴가 있어요, 매장이 청결해요, 화장실이 깨끗해요, 룸이 잘 되어있어요, 단체모임 하기 좋아요, 재료가 신선해요, 비싼 만큼 가치있어요, 뷰가 좋아요, 인테리어가 멋져요, 아늑해요, 현지 맛에 가까워요, 잡내가 적어요, 가성비가 좋아요, 직접 잘 구워줘요, 음식이 맛있어요, 매장이 넓어요, 혼밥하기 좋아요, 양이 많아요, 메뉴 구성이 알차요, 특별한 날 가기 좋아요, 음식이 빨리 나와요, 사진이 잘 나와요, 차분한 분위기에요, 친절해요, 주차하기 편해요, 건강한 맛이에요, 반찬이 잘 나와요, 대화하기 좋아요"
모던오뎅 신사점,일식,"특별한 메뉴가 있어요, 매장이 청결해요, 화장실이 깨끗해요, 혼술하기 좋아요, 단체모임 하기 좋아요, 재료가 신선해요, 비싼 만큼 가치있어요, 인테리어가 멋져요, 아늑해요, 음료가 맛있어요, 오래 머무르기 좋아요, 가성비가 좋아요, 음식이 맛있어요, 혼밥하기 좋아요, 양이 많아요, 메뉴 구성이 알차요, 특별한 날 가기 좋아요, 사진이 잘 나와요, 차분한 분위기에요, 친절해요, 주차하기 편해요, 건강한 맛이에요, 대화하기 좋아요"
캐비스트리,양식,"좌석이 편해요, 특별한 메뉴가 있어요, 매장이 청결해요, 화장실이 깨끗해요, 디저트가 맛있어요, 단체모임 하기 좋아요, 재료가 신선해요, 비싼 만큼 가치있어요, 뷰가 좋아요, 인테리어가 멋져요, 음악이 좋아요, 술이 다양해요, 가성비가 좋아요, 음식이 맛있어요, 매장이 넓어요, 혼밥하기 좋아요, 메뉴 구성이 알차요, 양이 많아요, 특별한 날 가기 좋아요, 음식이 빨리 나와요, 사진이 잘 나와요, 코스요리가 알차요, 컨셉이 독특해요, 차분한 분위기에요, 친절해요, 주차하기 편해요, 대화하기 좋아요, 기본 안주가 좋아요"
티엔미미 강남점,중식,"특별한 메뉴가 있어요, 향신료가 강하지 않아요, 매장이 청결해요, 단체모임 하기 좋아요, 재료가 신선해요, 비싼 만큼 가치있어요, 인테리어가 멋져요, 아늑해요, 아이와 가기 좋아요, 가성비가 좋아요, 음식이 맛있어요, 매장이 넓어요, 혼밥하기 좋아요, 양이 많아요, 메뉴 구성이 알차요, 특별한 날 가기 좋아요, 음식이 빨리 나와요, 사진이 잘 나와요, 코스요리가 알차요, 컨셉이 독특해요, 차분한 분위기에요, 친절해요, 주차하기 편해요, 건강한 맛이에요, 반찬이 잘 나와요, 대화하기 좋아요"
티엔미미 홍대점,중식,"좌석이 편해요, 특별한 메뉴가 있어요, 향신료가 강하지 않아요, 매장이 청결해요, 화장실이 깨끗해요, 룸이 잘 되어있어요, 단체모임 하기 좋아요, 재료가 신선해요, 비싼 만큼 가치있어요, 뷰가 좋아요, 인테리어가 멋져요, 아늑해요, 현지 맛에 가까워요, 잡내가 적어요, 아이와 가기 좋아요, 술이 다양해요, 가성비가 좋아요, 오래 머무르기 좋아요, 음식이 맛있어요, 매장이 넓어요, 혼밥하기 좋아요, 메뉴 구성이 알차요, 양이 많아요, 특별한 날 가기 좋아요, 음식이 빨리 나와요, 사진이 잘 나와요, 코스요리가 알차요, 컨셉이 독특해요, 차분한 분위기에요, 친절해요, 주차하기 편해요, 집중하기 좋아요, 반찬이 잘 나와요, 대화하기 좋아요"
에빗,양식,"특별한 날 가기 좋아요, 아늑해요, 특별한 메뉴가 있어요, 가성비가 좋아요, 코스요리가 알차요, 매장이 청결해요, 음식이 맛있어요, 화장실이 깨끗해요, 친절해요, 주차하기 편해요, 단체모임 하기 좋아요, 매장이 넓어요, 메뉴 구성이 알차요, 재료가 신선해요, 비싼 만큼 가치있어요, 대화하기 좋아요, 인테리어가 멋져요"
터치더스카이,양식,"좌석이 편해요, 특별한 메뉴가 있어요, 매장이 청결해요, 화장실이 깨끗해요, 고기 질이 좋아요, 룸이 잘 되어있어요, 단체모임 하기 좋아요, 재료가 신선해요, 야외공간이 멋져요, 비싼 만큼 가치있어요, 뷰가 좋아요, 인테리어가 멋져요, 가성비가 좋아요, 음식이 맛있어요, 매장이 넓어요, 혼밥하기 좋아요, 양이 많아요, 메뉴 구성이 알차요, 특별한 날 가기 좋아요, 코스요리가 알차요, 차분한 분위기에요, 친절해요, 주차하기 편해요, 건강한 맛이에요, 대화하기 좋아요"
식당네오,일식,"특별한 메뉴가 있어요, 매장이 청결해요, 재료가 신선해요, 비싼 만큼 가치있어요, 인테리어가 멋져요, 아늑해요, 음악이 좋아요, 술이 다양해요, 가성비가 좋아요, 오래 머무르기 좋아요, 음식이 맛있어요, 양이 많아요, 메뉴 구성이 알차요, 특별한 날 가기 좋아요, 음식이 빨리 나와요, 컨셉이 독특해요, 친절해요, 대화하기 좋아요, 기본 안주가 좋아요"
리북방,한식,"특별한 날 가기 좋아요, 잡내가 적어요, 특별한 메뉴가 있어요, 가성비가 좋아요, 컨셉이 독특해요, 음식이 맛있어요, 매장이 청결해요, 화장실이 깨끗해요, 친절해요, 주차하기 편해요, 매장이 넓어요, 혼밥하기 좋아요, 양이 많아요, 재료가 신선해요, 인테리어가 멋져요"
달리아 다이닝,양식,"좌석이 편해요, 반려동물과 가기 좋아요, 특별한 메뉴가 있어요, 향신료가 강하지 않아요, 디저트가 맛있어요, 매장이 청결해요, 화장실이 깨끗해요, 단체모임 하기 좋아요, 재료가 신선해요, 비싼 만큼 가치있어요, 뷰가 좋아요, 인테리어가 멋져요, 아늑해요, 음악이 좋아요, 음료가 맛있어요, 아이와 가기 좋아요, 가성비가 좋아요, 음식이 맛있어요, 매장이 넓어요, 혼밥하기 좋아요, 메뉴 구성이 알차요, 양이 많아요, 특별한 날 가기 좋아요, 커피가 맛있어요, 음식이 빨리 나와요, 코스요리가 알차요, 차분한 분위기에요, 컨셉이 독특해요, 사진이 잘 나와요, 친절해요, 주차하기 편해요, 건강한 맛이에요, 대화하기 좋아요"
중앙가속기,기타,"좌석이 편해요, 특별한 메뉴가 있어요, 매장이 청결해요, 화장실이 깨끗해요, 단체모임 하기 좋아요, 재료가 신선해요, 인테리어가 멋져요, 아늑해요, 음악이 좋아요, 술이 다양해요, 가성비가 좋아요, 오래 머무르기 좋아요, 음식이 맛있어요, 매장이 넓어요, 양이 많아요, 메뉴 구성이 알차요, 특별한 날 가기 좋아요, 음식이 빨리 나와요, 사진이 잘 나와요, 차분한 분위기에요, 컨셉이 독특해요, 친절해요, 대화하기 좋아요, 기본 안주가 좋아요"
중앙감속기,기타,"좌석이 편해요, 특별한 메뉴가 있어요, 향신료가 강하지 않아요, 매장이 청결해요, 화장실이 깨끗해요, 룸이 잘 되어있어요, 단체모임 하기 좋아요, 재료가 신선해요, 비싼 만큼 가치있어요, 뷰가 좋아요, 인테리어가 멋져요, 아늑해요, 현지 맛에 가까워요, 아이와 가기 좋아요, 가성비가 좋아요, 오래 머무르기 좋아요, 음식이 맛있어요, 매장이 넓어요, 혼밥하기 좋아요, 양이 많아요, 메뉴 구성이 알차요, 특별한 날 가기 좋아요, 음식이 빨리 나와요, 코스요리가 알차요, 컨셉이 독특해요, 차분한 분위기에요, 친절해요, 주차하기 편해요, 건강한 맛이에요"
쵸이닷,양식,"특별한 메뉴가 있어요, 매장이 청결해요, 화장실이 깨끗해요, 단체모임 하기 좋아요, 재료가 신선해요, 비싼 만큼 가치있어요, 뷰가 좋아요, 인테리어가 멋져요, 가성비가 좋아요, 음식이 맛있어요, 매장이 넓어요, 혼밥하기 좋아요, 양이 많아요, 특별한 날 가기 좋아요, 사진이 잘 나와요, 코스요리가 알차요, 차분한 분위기에요, 컨셉이 독특해요, 친절해요, 주차하기 편해요"
파브리키친,양식,"좌석이 편해요, 특별한 메뉴가 있어요, 향신료가 강하지 않아요, 매장이 청결해요, 화장실이 깨끗해요, 디저트가 맛있어요, 고기 질이 좋아요, 룸이 잘 되어있어요, 단체모임 하기 좋아요, 재료가 신선해요, 야외공간이 멋져요, 비싼 만큼 가치있어요, 뷰가 좋아요, 인테리어가 멋져요, 아늑해요, 현지 맛에 가까워요, 음료가 맛있어요, 잡내가 적어요, 술이 다양해요, 가성비가 좋아요, 음식이 맛있어요, 매장이 넓어요, 양이 많아요, 메뉴 구성이 알차요, 특별한 날 가기 좋아요, 음식이 빨리 나와요, 사진이 잘 나와요, 차분한 분위기에요, 컨셉이 독특해요, 친절해요, 건강한 맛이에요, 대화하기 좋아요"
진진,중식,"특별한 메뉴가 있어요, 향신료가 강하지 않아요, 매장이 청결해요, 고기 질이 좋아요, 화장실이 깨끗해요, 룸이 잘 되어있어요, 단체모임 하기 좋아요, 재료가 신선해요, 비싼 만큼 가치있어요, 뷰가 좋아요, 인테리어가 멋져요, 아늑해요, 현지 맛에 가까워요, 잡내가 적어요, 술이 다양해요, 가성비가 좋아요, 오래 머무르기 좋아요, 음식이 맛있어요, 매장이 넓어요, 혼밥하기 좋아요, 양이 많아요, 메뉴 구성이 알차요, 특별한 날 가기 좋아요, 음식이 빨리 나와요, 사진이 잘 나와요, 코스요리가 알차요, 컨셉이 독특해요, 차분한 분위기에요, 친절해요, 주차하기 편해요, 집중하기 좋아요, 건강한 맛이에요, 대화하기 좋아요, 기본 안주가 좋아요"
